latitude,longitude,depth,mag,gap,dmin,rms,horizontalError,depthError,magError,meter
5.1033,125.3179,44.32,4.3,131,1.97,0.7,5,9.3,0.126,18
-8.8535,117.1527,116.88,4.9,59,2.991,1.06,6.5,7.3,0.091,38
4.7512,96.2239,10,5.3,148,0.862,1.29,6.6,1.8,0.073,18
-10.1202,118.7274,10,4.5,86,3.764,0.95,7.6,1.9,0.084,42
1.4361,127.0142,120.78,4.5,105,0.748,0.76,8,6.6,0.089,37
0.6058,126.2786,40.52,4.4,113,1.1,0.37,8.4,7.2,0.149,13
-9.1216,122.4742,142.29,5.2,54,0.536,0.95,3.5,6.2,0.071,19
-1.3392,99.6884,45.74,4.7,186,2.135,0.59,9,8.1,0.088,39
1.099,98.9888,106.01,4.2,155,1.427,0.47,7.3,4.8,0.122,19
7.168,126.6065,76.31,4.7,81,6.398,0.89,9.1,1.9,0.049,126
-7.537,127.7248,148.79,4.9,52,3.569,1.09,7.8,5.1,0.12,22
-6.3139,119.5984,15.05,4.3,79,3.488,0.89,8.1,5.7,0.137,15
-0.2312,125.2095,51.2,5.5,46,2.376,0.97,6.3,7.2,0.071,19
-4.5834,125.4204,498.01,4.6,47,4.401,0.79,10.6,8.3,0.086,40
-7.8628,118.7906,15.18,5.3,53,2.986,1.07,5.8,3.9,0.079,54
-7.8828,118.7427,22.63,4.6,72,3.021,0.9,6.1,7.4,0.114,23
-6.5828,105.2779,95.52,4.3,141,3.89,0.76,9.1,9.1,0.111,23
8.9111,126.5555,42.14,5,36,2.069,0.81,7.8,4.8,0.034,269
9.053,123.3007,70.39,4.3,116,7.634,0.73,6.5,10.1,0.099,29
8.284,127.4254,10,4.4,143,2.191,0.62,10.5,1.9,0.102,28
-1.1142,126.8537,18.49,5.3,59,1.942,0.92,6.3,4.2,0.073,18
-7.2402,105.8131,65.03,4.7,95,3.223,1.33,4.4,8.4,0.09,38
-7.2213,105.7408,62.72,4.4,130,3.239,1.22,4,9.9,0.138,15
7.3686,126.7722,48.46,4.4,118,1.22,1.05,8.5,7,0.1,29
5.7125,125.9274,100.04,4.8,91,1.392,0.87,8.3,1.1,0.075,55
-9.4413,107.2374,10,4.4,83,1.872,0.58,8.5,1.9,0.123,19
2.6186,95.4701,22.19,4.9,133,2.476,0.77,8.7,5.3,0.082,47
-4.6491,102.5962,69.24,4.7,95,2.723,0.71,8.4,7.7,0.076,52
-7.1958,105.9181,43.91,6,75,3.274,1.16,8.1,6.7,0.071,19
-8.9612,110.0071,77.72,4.4,61,1.16,0.85,5.7,7.1,0.087,38
8.9363,126.255,42.79,4.2,133,1.971,0.7,10,9.6,0.113,22
-1.254,120.688,38.9,4.4,94,2.093,1.01,8.4,11.9,0.169,10
-7.6484,128.0708,147.29,4.7,33,3.215,0.75,2.5,7.2,0.063,76
2.1621,128.193,50.74,4.2,160,1.609,0.63,11.4,11.8,0.167,10
1.9136,126.3627,38.8,4.2,139,1.514,0.6,13.1,8.5,0.146,13
1.3354,96.9868,29.99,4.3,197,0.589,0.91,6.3,6.3,0.1,28
7.9121,127.2692,53.6,4.7,102,1.873,0.49,5.8,7.9,0.083,44
1.5974,126.5113,53.86,4.6,99,1.184,0.62,4.4,8.3,0.085,41
-2.2178,119.0911,30.78,4.4,101,2.447,0.5,7.2,7.1,0.107,25
-9.7463,122.9814,81.46,4.2,83,1.267,0.59,6.1,8.3,0.175,9
5.614,123.8697,520.84,4,168,6.701,0.42,20.1,10,0.138,14
5.6191,126.2464,118.62,4.4,98,1.586,1.01,8.6,5.4,0.079,46
-5.5803,110.4001,531.41,4.4,37,1.459,0.65,6.7,7.1,0.069,61
-9.6745,107.5209,10,4.6,92,2.007,0.42,4.6,1.9,0.104,28
0.4389,123.6688,237.71,5.3,30,1.722,0.97,7.5,5.2,0.054,33
1.709,126.0494,87.58,4.6,81,1.612,0.61,5,7.4,0.086,40
-3.5722,101.6537,49.22,4.6,176,3.112,0.78,9.7,5.9,0.083,43
-4.9212,102.9261,57.68,4.7,93,2.674,0.61,5.8,7.4,0.081,46
-2.7556,126.8614,10,4.3,66,3.54,0.74,6.3,1.6,0.126,18
-10.0341,122.8739,87.64,4.9,42,1.4,0.89,2.5,6.5,0.064,76
5.9353,126.6397,97.12,4.4,112,1.543,0.63,10.6,6.3,0.096,31
1.7672,126.4043,30.43,4.6,67,1.379,0.64,7.9,4.7,0.088,39
3.812,126.6228,43.04,4.3,136,3.11,0.88,11.2,12.2,0.137,15
-5.198,126.9673,151.17,4.6,168,5.115,0.51,9.7,33.7,0.244,5
-9.6738,121.5495,82.58,4.5,84,1.235,0.9,8.7,9,0.118,21
1.1877,98.8931,95.23,4.1,147,1.322,0.6,3.9,10.7,0.131,16
-7.9103,117.4043,45.79,4.5,77,3.267,1.3,8,8.8,0.099,30
-8.6917,109.1027,24.68,4.4,76,1.604,0.82,8.3,5.3,0.12,20
2.3654,126.9655,50.45,4.8,105,1.633,0.55,3.8,8.4,0.069,64
0.0794,126.0149,49.79,4.4,88,1.516,1.17,8.9,7.4,0.12,20
4.2299,127.3883,32.12,4.3,91,3.435,0.61,8.2,6.8,0.134,16
2.5258,95.796,27.29,4.4,181,2.153,0.75,9.7,6.6,0.09,36
2.681,126.727,35.74,5,76,2.001,0.82,5.6,6.2,0.055,107
0.464,121.3441,86.23,4.3,103,0.854,0.4,4.3,8.5,0.126,18
6.7739,127.1264,46.08,4.5,112,1.564,0.5,12,8.9,0.094,33
4.2577,126.8796,43.26,4.4,168,3.078,1.05,8.3,7.8,0.12,20
6.945,127.6972,10,4.4,131,2.106,0.75,7.9,1.8,0.109,24
6.8637,127.6076,10,4.2,147,2.024,0.63,9.7,2,0.112,22
6.7523,127.8341,10,4.3,149,2.26,0.46,9.9,1.9,0.128,17
6.8525,127.5191,10,4.4,139,1.937,1.29,10.9,1.9,0.127,18
6.9193,127.3398,10,4.4,107,1.754,1.04,6.2,1.7,0.089,37
6.9099,127.567,10,4.3,229,1.979,0.84,12.6,2,0.189,8
6.9302,127.481,38.38,4.8,100,1.893,0.66,8.2,7.1,0.079,49
4.2303,126.7129,40.41,4.2,114,3.038,0.84,8.6,9.2,0.105,25
4.1849,126.6877,28.62,5.1,87,3.07,0.93,7.2,4.5,0.047,143
4.2951,126.7138,17.54,4.4,122,3.56,1.03,10,6,0.12,20
0.8828,125.3597,75.67,5,28,2.009,1.3,7.5,5.8,0.06,89
4.3937,126.8816,34.21,4.4,140,3.63,1.3,11.7,7.9,0.117,21
4.1491,126.7053,47.43,4.9,96,3.11,1.12,6.2,6.1,0.065,74
0.3687,98.6231,50.62,4.9,115,1.4,0.69,7.3,7,0.059,90
-7.6668,127.9052,115.39,4,143,3.377,1.2,6.1,33.6,0.518,1
6.4947,126.7141,110.68,4.6,108,1.263,0.61,10,7.4,0.085,41
5.9504,117.7198,10,4.3,324,5.695,0.5,21.2,2,0.16,11
4.2248,127.553,10,4.4,84,3.435,1.22,5.6,1.9,0.123,19
6.7749,95.2613,214.8,4.7,119,2.273,1.08,8.6,7.7,0.078,50
3.6677,126.6369,46.1,4.4,74,2.967,1.12,8.9,8.1,0.089,36
-7.3245,120.0514,543.45,4.1,94,2.526,0.84,13.1,6.5,0.109,25
-1.2136,101.0692,149.82,4.3,105,1.529,1.03,8.6,7,0.101,29
-8.671,122.9003,111.76,4.3,74,0.656,1.02,8.5,7,0.116,21
-5.6368,102.6738,33.27,4.4,102,3.385,0.8,7.7,6.8,0.115,22
1.9603,120.9951,48.69,4.4,116,0.87,0.68,6.9,9.4,0.123,19
3.6352,126.8713,34.92,4.2,131,2.887,0.75,10.6,8.9,0.124,18
3.5302,126.4491,50.47,4.5,109,2.889,0.87,5.3,7.7,0.094,33
-10.2531,109.846,10,4.1,79,2.42,1.26,8.9,1.9,0.15,12
-5.8764,103.2125,39.9,4.5,168,1.527,1.28,6.5,9.2,0.113,23
4.0723,126.6019,55.9,4.3,119,3.146,0.85,8.5,8.6,0.106,25
2.09,127.1413,88.97,4.1,138,1.328,0.75,10.8,5.4,0.144,13
9.2662,125.2315,5.31,4.5,126,2.209,1.13,14.4,5.2,0.113,26
0.0418,123.451,138.81,4.4,50,1.272,1.01,6.7,6.6,0.08,49
6.2831,126.8269,106.06,4.7,86,1.465,0.74,7.6,5.1,0.069,64
6.1843,126.866,106.48,4.6,88,1.551,0.9,8.6,6.9,0.068,65
-8.3857,119.8867,172.33,4.4,99,2.338,0.85,7.7,15.2,0.189,8
4.1398,126.6313,32.96,4.3,158,3.093,0.63,8.2,7,0.116,21
-9.3547,120.9223,123.94,4.2,72,1.482,1.02,9.3,8.1,0.152,12
-7.834,116.825,292.26,4.2,87,2.72,1.06,8.9,8.3,0.095,31
-4.3179,102.1873,52.09,4.8,94,0.767,1.02,7,1.7,0.077,52
-6.168,101.9688,10,4.4,109,2.047,0.74,6.3,1.9,0.112,23
-0.2797,123.6999,127.24,4.5,59,1.197,1.15,6.1,2.7,0.101,29
-5.7409,110.6514,542.41,4.2,28,1.316,0.43,10.7,3.2,0.081,42
-8.1452,106.8825,36.06,4.1,104,1.5,1.09,7.3,4.3,0.151,12
5.4885,124.9095,39.61,5.1,60,1.706,0.96,5.4,5.2,0.073,18
-7.2317,123.1615,221.64,4.1,175,1.668,0.32,12.5,13.6,0.174,9
-9.4447,123.4407,105.99,4.3,140,0.871,0.48,7.4,8.5,0.216,6
-9.373,123.466,103.33,4.6,66,0.876,1.06,5.8,5.3,0.087,40
-2.8144,101.0362,48.14,4.9,40,2.455,0.94,7,4.6,0.089,12
-5.4688,104.9811,134.83,4.1,129,2.298,0.5,6.5,9.3,0.14,14
4.0975,125.8253,10,4.2,171,5.846,0.58,12.8,2,0.152,12
4.0803,126.7919,23.79,5.7,47,3.205,1.01,6,3.3,0.062,25
2.3933,125.8698,122.8,4.3,107,2.198,1.34,10.8,8.1,0.092,33
-9.7495,112.9113,47.54,4.6,65,1.765,1.07,7.4,7.5,0.086,40
-3.3965,127.5995,65.02,4.4,88,4.147,1.29,9.6,10.1,0.155,12
5.1878,126.3384,54.79,4.5,114,2.016,0.73,8.2,8.3,0.089,37
-7.0393,125.3867,476.89,4.1,56,2.917,0.8,14.1,12.2,0.145,13
1.0208,120.2968,17.83,4.3,93,0.493,0.74,7,6.8,0.13,18
0.5059,121.1248,98.34,4.8,59,0.692,0.99,7.1,6.9,0.113,24
-6.8751,125.2941,532.61,4.6,40,3.036,0.62,6.3,7.7,0.067,66
1.8311,127.3453,116.35,4.5,106,1.052,0.64,8.6,7.1,0.061,79
-4.3014,102.2395,53.4,4.3,105,0.716,0.91,6.5,6.7,0.137,15
3.1129,127.6432,96.67,4.5,108,2.341,0.64,9,8,0.065,69
4.0053,126.5188,34.59,5.1,43,3.184,0.77,6.2,4.1,0.073,18
3.644,127.3339,17.89,4.4,118,2.853,1.31,6,6,0.12,20
2.5253,95.8889,30.45,4.4,198,2.076,0.51,11.7,7.5,0.169,10
-7.4868,125.1966,363.13,4.2,46,2.434,1.1,10,9.6,0.141,14
-7.7717,106.3932,35,4.5,68,1.534,1.23,5.3,2,0.115,25
-9.1504,112.4266,51.76,4.2,62,1.834,0.88,6.7,8,0.146,13
-7.9502,119.8906,231.36,4.6,69,2.42,0.71,8,1.2,0.087,39
-4.3445,101.9407,44.72,4.7,86,1.012,1.15,6.2,6.5,0.067,68
-1.1325,100.7495,77.28,4.1,132,1.477,0.54,7,8.3,0.158,11
3.2855,126.9464,55.36,4.9,109,2.532,0.81,7.7,7.3,0.067,71
-0.638,124.4286,57.24,4.3,75,1.704,1.02,8.4,8.3,0.111,23
-10.7883,113.6408,10,4.4,70,2.358,0.81,10.3,1.9,0.13,17
5.1195,126.6713,80.84,4.2,177,2.221,1.04,12.5,10.3,0.146,13
2.0025,126.733,11.04,4.2,147,1.376,0.91,6.4,6.4,0.141,14
-9.848,120.1015,62.17,4,78,2.428,0.99,8.5,9.9,0.172,9
9.1726,126.3135,10,4.5,142,2.212,1.14,7.2,1.9,0.145,14
-9.1053,123.8899,97.15,4.7,74,0.745,1.08,7,7,0.101,30
0.0655,123.4742,143.05,4.9,55,1.305,1.11,8.3,4.2,0.06,88
5.0257,127.0954,35,4.3,153,25.662,0.38,11.1,1.9,0.133,16
-6.461,128.2362,313.32,4.6,54,3.393,0.9,8.2,9.4,0.132,17
-7.084,125.2463,487.08,4.4,60,2.825,0.66,12.3,7.7,0.108,25
1.3286,127.2401,159.15,4.3,103,0.567,0.75,10.7,6.3,0.099,29
2.6898,122.3377,543.81,4.2,74,2.208,0.97,10.1,8.7,0.071,55
2.3062,128.1882,31.39,4.7,105,1.731,0.95,8.1,5.9,0.087,40
-1.8608,100.3584,46.74,4.6,121,2.276,1.4,7.8,6.2,0.104,28
-11.3604,118.6853,24.67,4.3,101,5.309,1.17,4.6,8.2,0.154,12
7.7562,126.551,70.76,4.7,99,1.18,0.64,8.2,7.4,0.061,82
-0.1203,123.7871,107.9,4.1,76,1.367,0.48,7.7,6.7,0.13,16
-2.7072,122.3859,52.09,4.3,51,1.698,0.97,7.1,9,0.148,13
-2.4692,99.7379,34.59,4.3,205,3.066,0.97,10.7,8.1,0.202,7
-7.8842,106.8195,44,5.2,27,1.316,0.99,6.3,1.8,0.075,17
0.6,122.3305,89.11,4.9,61,1.629,0.99,5.2,7.1,0.085,43
-7.4494,107.0853,83.48,4.3,137,3.438,0.93,11.5,3.9,0.137,15
-8.6435,103.7996,15.74,4.6,138,2.582,1.34,7.3,4.3,0.272,4
-7.4921,108.1743,90,6.5,28,2.365,1.07,8,1.8,0.058,29
-7.1171,106.5908,83.56,4,110,3.468,0.98,8.9,9.9,0.126,17
2.4004,98.9469,133.85,4.6,70,0.292,0.86,3.7,6.1,0.087,39
-8.1894,123.8602,163.38,4.3,68,1.607,1.38,6.9,7.2,0.1,28
5.7124,123.9416,535.15,4.1,107,5.445,0.61,13.3,10.3,0.067,61
2.3144,128.0641,30.8,4.6,134,1.683,0.62,11.4,6.5,0.103,28
-7.1269,107.0917,100.75,5,89,3.324,0.92,7.9,2.1,0.1,32
1.7353,127.3568,99.57,4.6,126,0.957,1.03,9.7,4,0.101,29
2.0267,128.0791,10,4.3,142,1.435,0.67,7.8,1.9,0.129,17
-9.7799,119.484,71.08,4.2,92,2.946,1.13,8.7,10.3,0.118,20
0.4582,126.4248,57.62,4.5,88,0.992,1.17,8.4,5.5,0.135,16
0.5003,123.5532,237.49,4.1,75,1.719,0.43,8.3,5.4,0.135,15
-6.299,125.4445,482.27,4.1,179,3.626,1.16,19,18.2,0.197,7
-6.9198,126.5077,432.93,4.3,96,3.585,0.59,9.1,10.1,0.138,15
-9.1162,121.9425,89.59,4.1,134,0.559,1.38,9,9.1,0.165,10
1.1417,97.3018,37.07,4.3,192,0.317,0.51,10.2,6.8,0.138,15
3.3034,97.5357,77.61,4.5,44,1.986,1.06,6.3,7.1,0.07,64
0.2888,124.9673,129.01,4.4,71,2.446,1.11,8.3,8.2,0.094,33
5.79,127.0512,59.83,4.7,108,1.938,0.7,6.7,7.8,0.069,64
-5.028,102.9493,53.36,5.3,22,0.663,0.9,5.7,1.5,0.042,191
1.0246,128.1098,10,4.4,152,0.784,0.8,6.8,1.9,0.13,17
1.4788,126.8539,118.08,4.3,101,0.869,0.52,9,6.6,0.111,23
-0.791,125.1615,53.88,4.8,52,2.402,1.2,7.4,8.2,0.102,30
-0.6292,123.6788,45.75,4.2,81,0.995,0.81,8.2,5.7,0.199,7
-0.6299,123.6681,28,5.5,31,0.985,0.99,6.2,1.8,0.06,27
-6.4303,128.0344,322.82,4.5,67,3.587,0.7,8,5.2,0.096,32
0.6124,122.3217,197.34,4.3,128,1.617,1.1,7.8,8.5,0.138,15
1.3,122.3933,57.48,4.6,67,1.622,1.21,5.8,8.3,0.098,31
4.3465,126.9992,10,4.3,119,3.569,0.5,10.4,1.9,0.178,9
1.6323,127.0078,70.98,4.1,107,0.927,0.54,10.6,6.7,0.145,13
-3.1108,102.1648,45.54,5.1,30,1.471,0.78,6.6,5.6,0.048,142
-7.0312,127.4534,337.13,4.2,82,3.928,1.03,10.2,10.4,0.159,13
1.1554,97.1806,33.9,4.2,114,0.421,0.79,9.9,7.3,0.186,10
-7.638,127.5378,172.88,4.6,50,3.742,1.04,7.8,7,0.092,35
2.2762,126.8024,35,4.7,107,1.597,1.14,6.2,1.9,0.069,63
2.2348,126.7731,35,5.3,27,1.569,1.29,6.6,1.8,0.071,19
-9.6932,123.0962,60.98,5,65,5.71,1.22,8.5,5.5,0.103,9
-0.1244,124.9717,69.77,4.5,62,2.381,0.89,6.6,10.2,0.124,19
-5.2635,128.0972,329.93,4.3,61,4.172,0.83,8,8.2,0.093,33
-1.1849,127.7012,21.88,4.8,106,1.972,0.86,3.8,6.1,0.095,34
4.6206,127.6919,126.56,4.7,61,3.215,0.62,8.5,6.8,0.056,95
-0.1786,124.7512,90.66,4.1,63,2.157,1.05,7.9,9.1,0.127,17
-7.5836,105.7895,28.89,4.2,134,2.881,1.46,8,7.4,0.216,6
-2.0068,124.691,58.58,4,127,2.144,0.52,9.7,11.9,0.212,6
2.4063,122.9322,467.58,4.3,135,2.505,1.19,11.9,8.8,0.129,17
-5.4164,125.5881,78.64,4.1,54,4.505,0.99,7.5,23.7,0.174,9
7.745,124.9782,13.7,4.7,109,0.897,0.79,9.3,5.1,0.074,55
-9.4154,112.9803,59.76,4.5,167,1.49,0.64,5.5,9,0.093,34
-9.2253,123.5683,133.16,4.4,104,0.867,1.29,9.1,4.6,0.123,19
-9.5652,118.4423,100.3,4.3,84,3.86,1.14,7.7,10.4,0.16,11
7.4028,126.6988,58.12,5.1,92,1.159,0.67,8.8,5.1,0.04,201
2.8956,127.3962,91.32,4.1,117,2.109,0.49,12.5,11.3,0.186,8
-8.6273,123.6156,119.52,4.4,58,1.292,0.86,6.1,7.2,0.081,44
-7.9166,120.1921,210.71,4.3,121,2.916,0.96,10.1,8.9,0.148,13
-7.1672,126.71,340.17,4.1,97,3.528,0.73,8.4,10.3,0.234,5
2.8938,125.9935,85.89,4.5,81,2.515,0.58,8,5.1,0.121,20
3.99,126.673,10,4.7,113,3.271,0.79,6,1.8,0.089,38
-5.4972,126.2744,487.61,4.8,25,4.675,1.08,10.2,7.1,0.064,75
3.9746,126.9613,4.35,4.3,140,3.368,0.61,9.5,7.3,0.133,16
1.492,98.9241,106.88,4.5,121,1.193,0.55,4.9,7.9,0.135,16
2.4635,128.1326,10,4.4,121,1.846,1.28,6.1,1.9,0.162,11
-7.2529,125.9504,470.39,4.5,39,2.992,0.56,11.6,9.7,0.139,15
-5.811,105.7043,24.25,4.8,45,3.058,1.12,8.7,2.8,0.074,56
-3.7297,101.3591,29.4,4.2,191,1.711,0.79,12.2,8.8,0.141,14
-7.5672,127.9286,156.06,4.3,54,3.365,0.84,8.2,9.7,0.147,13
-6.637,125.614,540.87,4.4,52,3.372,0.89,9.4,13.8,0.138,15
6.01,125.8552,74.54,4.5,108,1.087,0.87,9.8,7.3,0.077,50
-8.1589,117.9767,197.06,4.7,37,3.587,0.98,6.8,5.8,0.062,79
-1.1789,119.9614,10,4.9,51,2.418,0.81,5,1.9,0.081,48
-1.2116,119.9674,18.88,5,62,2.446,0.77,6.2,4.3,0.071,63
2.2731,126.9931,42.13,4.4,175,1.537,1.39,8,12.7,0.17,10
5.6155,124.768,337.61,4.6,90,1.654,1.12,8.7,7.3,0.053,108
-7.1251,125.8067,487.56,4.3,42,3.024,0.8,14.4,11,0.129,17
-7.6573,127.6423,172.33,4.3,64,3.637,1.41,8.4,11.2,0.161,11
5.6331,127.0837,147.75,4.2,125,2.067,0.98,12.1,9.8,0.113,22
-8.2352,121.9859,212.81,4.1,257,0.469,0.52,9.5,9.3,0.158,11
-10.6303,120.346,35,4.1,79,2.721,1.6,9.2,2,0.146,13
1.1079,126.1184,10,4.5,81,1.292,0.81,8.3,1.9,0.156,12
2.4607,122.8527,466.19,4.4,81,2.466,0.83,13.5,10.8,0.107,25
-10.4745,120.1982,35,4.5,83,2.717,1.12,7.3,2,0.103,28
0.4157,124.4387,88.65,5.3,26,2.207,1.16,6.8,4.4,0.051,128
7.0608,127.0761,10,4.7,135,1.485,0.66,12.1,1.9,0.1,30
2.2806,96.5356,36.95,4.3,197,1.421,0.37,9.2,10.7,0.178,9
-3.6709,101.5643,39.82,4.5,196,1.547,0.54,10.7,10.8,0.271,5
-9.9031,112.938,35,4.7,114,1.861,0.86,7.3,2,0.094,34
-7.3371,126.7684,333.73,4.4,87,3.448,0.79,9.8,13.4,0.202,7
1.4227,96.9052,10,4.4,99,0.68,0.96,4.2,1.9,0.115,22
1.3731,96.9813,17.44,5.1,29,0.598,0.83,5.6,1.1,0.089,12
2.4404,128.1412,5.72,4.3,101,1.829,0.92,6.8,4.8,0.154,12
2.0176,97.3738,56.87,4,154,0.737,0.96,8.4,13,0.173,9
5.8813,126.036,90.37,4.9,58,1.265,0.67,7.6,7,0.068,68
4.7668,127.577,125.73,4.4,97,3.974,0.46,6,9.3,0.069,60
3,125.9216,10,4.5,79,2.642,0.93,8.5,1.9,0.128,18
1.8105,127.4506,102.16,4.7,84,1.035,0.83,3.5,8.5,0.093,35
0.4776,126.8121,67.16,4.1,96,0.626,0.85,7.2,7.6,0.145,13
3.2618,124.5489,319.12,4,101,3.747,0.52,12.2,10.7,0.13,16
2.3611,128.2411,10,4.6,110,1.804,0.89,5,1.9,0.102,29
5.7288,126.2965,144.65,4.4,101,1.511,0.6,12,10,0.093,33
2.9926,122.465,547.7,4.2,79,2.514,0.56,12.3,9.3,0.096,30
-0.2484,125.0552,52.16,4.4,52,2.415,0.75,2.8,8.7,0.131,21
2.3379,128.1935,10,5,77,1.761,0.91,7.3,1.8,0.066,73
2.4534,128.2732,10,4.8,69,1.9,0.67,8.8,1.9,0.07,63
2.3953,128.0865,10,4.4,120,1.765,0.61,7.9,1.9,0.139,15
2.536,128.2293,11.89,4.4,117,1.953,0.53,5.3,5,0.105,26
-1.0605,120.3419,10,4.3,81,2.201,0.87,3.8,1.9,0.2,7
2.5062,128.3077,12.13,4.6,116,1.962,0.55,8.4,4.9,0.099,30
2.321,128.1321,21.71,5,70,1.718,0.81,4.1,4.9,0.06,88
2.3972,128.1485,14.88,5.4,34,1.793,0.8,7.1,3.3,0.069,20
2.4123,128.2336,10,4.6,117,1.845,1.22,8.3,1.9,0.164,11
2.4648,128.1481,8,5.8,69,1.854,1.16,4.5,1.8,0.056,31
-5.0245,103.3966,63.88,4.4,138,0.792,0.86,14.1,8.2,0.123,19
-0.3737,122.1711,37.97,4.7,54,0.895,0.68,5.8,7.6,0.093,35
-0.1033,123.8794,113.17,4.7,42,1.447,1.01,7.1,6.6,0.069,63
4.2295,126.0849,127.16,4.8,133,2.866,0.98,8.1,9.9,0.16,13
-7.545,107.2823,111.39,4.4,97,0.789,0.66,3,6.5,0.117,21
-8.6011,115.2464,117.02,4.1,93,1.09,0.79,10.2,7.3,0.157,11
-8.2196,118.8126,169.3,4.7,70,3.318,1.08,7.5,7.6,0.108,26
-3.7684,126.031,11.39,4.6,61,4.235,1.31,6.6,6.4,0.146,14
5.232,124.7329,368.26,4.6,77,5.152,0.73,10.6,9.1,0.081,45
-2.3324,101.7019,105.05,4.4,73,2.371,0.83,7.6,7.2,0.097,31
0.0969,127.3529,152.32,4.6,125,9.133,0.47,11.8,9.9,0.136,16
-7.3713,127.7046,37.39,4.2,81,3.613,0.91,13.2,14.7,0.374,2
-7.5451,127.5089,160.98,4.2,64,3.78,0.81,9.6,9.2,0.16,11
-7.9463,117.3807,10,4.7,69,3.238,1.04,7.1,1.9,0.097,32
-9.2812,106.634,10,4.3,100,1.535,1.36,6.2,1.9,0.266,4
2.813,98.9588,159.15,4.3,80,0.123,0.55,7.6,4.2,0.109,24
-8.1362,107.9169,71.04,4.2,69,2.59,0.78,5.9,8.9,0.152,12
1.061,126.3178,69.84,4.7,71,1.087,1.29,7.9,7.3,0.084,43
3.5413,126.7379,47.01,4.2,154,2.821,1.21,9.2,14.4,0.176,9
-0.9342,127.0522,48.37,4.4,84,1.723,1.01,7.5,8.3,0.13,17
-8.4458,119.6921,164.27,4.6,72,2.524,1.01,7.7,7.3,0.116,22
-9.7342,119.4604,35,4.1,82,2.951,0.99,3.6,2,0.184,8
7.7941,126.946,34.4,4.6,122,1.534,0.54,10.3,6.5,0.141,15
6.1595,127.0762,61.89,4.3,199,1.74,0.92,6.6,13.8,0.16,11
-7.6675,108.5919,124.75,4.2,206,1.929,1.06,9.5,13.4,0.199,7
-9.3978,125.2633,10,4.5,103,1.044,1.01,6.4,1.9,0.171,10
6.52,124.4853,424.15,4.2,110,6.103,0.43,13,11.5,0.128,17
1.8855,127.0792,103.76,5.2,31,1.143,0.97,6,3.2,0.071,19
2.2413,127.4771,121.22,4.5,109,1.463,0.57,9.8,7,0.078,48
-8.3071,115.5272,22.71,4.9,43,1.37,0.76,4.1,4.8,0.093,11
-6.5071,104.6146,35,5,58,2.697,1.04,8.2,1.9,0.075,17
6.284,125.951,119.51,5.1,52,0.863,0.87,8.5,5.3,0.041,194
-0.0054,123.3839,142.45,4.9,44,1.197,0.7,7.5,6.6,0.081,48
1.3507,97.108,36.78,4.4,172,0.469,0.61,6.8,8.2,0.103,27
1.6514,124.3338,275.83,4.3,114,3.097,1.03,11,12.1,0.16,12
2.788,126.4527,69.89,4.4,118,2.201,0.78,9.2,12,0.155,12
-7.7906,121.7976,296.4,4.1,84,0.945,0.79,11.1,8.3,0.158,11
-5.2828,102.8109,13.46,4.3,191,0.927,0.81,9.2,9.2,0.169,10
-3.8439,127.8783,53.28,4.2,85,4.458,0.83,5.4,12.2,0.141,14
-6.9661,125.0093,558.58,4.3,76,2.866,0.7,13.7,10.3,0.119,20
-9.1298,117.0188,108.96,4.1,83,2.908,1.09,7.5,8.5,0.135,15
0.2369,122.4522,169.25,4.4,85,1.309,0.89,9.3,7.1,0.095,32
7.7035,123.4376,13.43,4.5,92,2.215,0.78,5.5,5.6,0.128,18
-0.0122,124.6633,35,4.4,46,2.15,1.22,4,1.9,0.123,19
2.6342,128.2831,36.76,4.3,179,2.064,1.25,10.2,9.6,0.148,13
-7.6329,127.976,146,4.3,79,3.31,1.19,7.2,11.1,0.154,13
-1.2388,120.5152,10,5.1,33,2.264,1.24,5.5,1.8,0.052,122
4.9883,126.2331,95.18,4.1,151,4.338,1.25,8.5,12.7,0.158,11
2.3161,127.9709,10,4,178,1.648,0.48,10.7,2,0.157,11
3.9676,126.5721,60.36,4.4,108,3.236,0.51,8.1,6.5,0.092,34
0.1672,121.1816,119.32,4.4,150,1.019,0.91,8.2,9.1,0.117,21
3.3623,126.6916,71.98,4.5,76,2.66,0.55,9.8,8.7,0.089,37
-3.8268,127.7703,10,5,46,4.56,0.7,5.6,1.9,0.063,79
-3.8333,127.7399,10,4.8,52,4.589,1.17,7.6,1.9,0.087,41
-4.6191,125.5754,432.65,4.5,40,4.524,1.2,7.8,7.1,0.072,57
6.3741,124.0987,540.56,4.3,96,5.697,0.77,11.2,10.8,0.07,58
-8.1816,107.2932,55.08,4.6,56,1.386,0.93,6.6,7.2,0.11,25
-3.8555,127.7633,10,4.4,74,4.573,1.39,4.4,1.9,0.104,27
2.0439,126.0589,28.56,5,94,1.818,1.4,6.3,5.5,0.059,92
-3.9097,128.0903,10,5,49,4.266,1.09,7.6,1.9,0.08,50
-3.7971,127.7522,10,5.1,48,4.554,0.85,7.6,1.9,0.084,46
-4.1045,127.9301,10,4.1,102,4.468,0.66,6.5,1.9,0.174,9
-3.7969,127.6458,10,5.1,46,4.546,0.7,6.3,1.8,0.065,76
-3.8081,127.7021,10,4.7,75,4.561,0.74,4.5,1.9,0.095,34
-3.7217,127.8763,10,4.5,84,4.437,1.08,8.1,1.9,0.108,25
-3.6685,128.1185,10,5.1,56,4.19,0.79,8.4,1.9,0.108,28
-3.8194,127.769,15.77,5.7,22,4.56,1.09,6.7,3,0.047,43
-3.7646,127.6358,10,4,76,4.514,1.31,7.9,1.9,0.156,11
-3.7217,127.8087,10,4.9,119,4.485,0.91,6.9,1.9,0.136,17
-3.7449,127.7517,6,6.1,22,4.503,1.15,6.6,1.7,0.05,39
2.0812,121.958,520.27,4.5,85,1.52,0.56,13.4,9.8,0.104,27
-3.7687,127.6675,8.14,5.6,37,4.52,0.96,6.6,3.1,0.103,9
-3.8261,127.7209,4,5.8,22,4.58,1.08,6.6,1.7,0.049,40
-8.7572,118.8503,110.15,4.9,72,3.351,1.44,7.6,6.2,0.092,37
3.9456,126.6049,47.87,4.7,81,3.243,0.77,9.1,8.1,0.093,35
3.101,98.5486,10,4.4,71,0.551,1.15,5.8,1.9,0.089,36
-8.6014,118.9841,110.17,5.5,42,3.217,1.15,6.6,2.5,0.046,166
0.6334,98.6651,75.01,4.1,179,1.276,0.91,9,12.5,0.302,3
6.4353,127.7545,10,4.2,143,21.993,0.65,15.4,1.9,0.167,10
-6.0665,105.0255,43.1,4.2,178,2.668,0.41,12.7,11.4,0.176,9
-10.0305,119.0096,57.09,4.4,84,3.474,1.05,8.7,9.1,0.179,9
2.0746,96.5271,21.03,4.6,139,1.297,0.94,6.9,6.2,0.076,51
0.7574,123.8982,267.11,4.4,64,2.112,0.74,9.5,7.7,0.106,26
0.5927,120.734,63.33,4.3,106,0.517,1.02,6.3,7.2,0.117,21
-7.8098,108.764,94.36,4.1,110,1.745,0.81,9,6.5,0.165,10
-10.0047,123.7795,10,4.4,142,0.54,0.89,5.2,1.9,0.219,6
-9.1388,106.9294,19.87,4.4,90,1.833,0.68,6.5,4.4,0.107,25
-9.7012,113.0276,42.27,4.4,67,1.652,0.97,8.1,8.8,0.138,15
-9.2689,106.9943,10,4.1,93,1.788,1.25,6.2,2,0.213,7
-9.0645,106.7463,10,4.5,65,1.773,1.32,6,1.9,0.145,14
-9.65,112.903,35,4.2,83,1.701,0.84,6.8,2,0.115,21
-9.4826,113.0083,54.13,4.9,74,1.512,0.69,8,6.3,0.066,73
-9.7304,112.8701,35,4,89,1.78,0.62,4.7,2,0.212,6
-9.6404,112.9337,35,5,59,1.673,0.96,7.1,1.9,0.068,69
-7.2168,123.0735,553.81,6.7,16,1.634,0.97,8.6,3.1,0.046,46
-9.1847,113.19,47.2,4.2,102,1.186,0.49,7.4,15.2,0.152,12
-1.3246,120.3093,10,4.5,60,2.465,1.38,6.9,1.9,0.163,11
4.8294,123.2706,550.54,4.3,60,3.197,0.87,11.4,8.7,0.075,51
-7.9562,107.8177,55.3,4.3,86,2.68,1.44,8.1,7.9,0.111,23
-8.1605,103.9884,17.35,4.7,93,2.83,0.92,7.4,5.1,0.142,15
-7.4433,124.6825,543.48,4.1,84,2.333,0.8,10,14.5,0.184,8
3.0611,95.9635,42.98,4.2,143,2.366,0.9,5.2,9.5,0.132,18
5.9077,126.5278,96.82,4.4,120,1.49,0.85,9.4,7.9,0.103,27
3.3739,126.6586,60.48,4.3,171,2.679,1.02,11.4,7.7,0.177,9
1.0851,126.1443,41.99,4.2,77,1.261,0.57,5.2,9.6,0.146,13
5.7022,125.6671,206.46,4.5,119,1.361,1.14,8.9,7.3,0.077,49
4.1479,127.8735,63.09,5.3,41,3.391,0.8,7.9,4.5,0.073,18
2.6663,95.8752,27.73,4.8,56,2.172,0.65,7.7,5.1,0.062,81
-5.4559,104.8783,37.42,4.4,161,2.203,0.72,7.9,10.8,0.19,8
-4.6961,101.8219,42.19,4.4,194,1.178,0.77,9.3,7.6,0.139,15
6.1061,126.8716,123.38,4.8,94,1.601,0.68,6.4,8.2,0.086,41
2.2853,126.9014,57.14,4.5,119,1.573,0.67,9.2,8.6,0.108,25
2.5862,99.0051,154.74,4.4,75,0.134,0.48,7.6,4.4,0.084,41
-0.2383,122.9492,92.61,5.6,44,0.817,0.95,6.6,5.4,0.084,50
6.1297,123.8589,555.13,4.7,75,1.947,0.8,12.2,8.8,0.088,39
-9.7601,114.2041,48.19,4.4,115,1.282,0.77,9,6.8,0.123,19
3.8405,95.8005,50.12,4.6,162,1.791,0.82,9,2.8,0.099,30
1.7778,127.359,129.14,4.3,150,0.999,0.44,11.5,3.9,0.142,14
-6.5562,104.1387,29.26,4.3,161,2.478,1.38,8.3,5.6,0.168,12
0.6029,100.0556,177.13,4,162,1.021,0.62,7,8.7,0.212,6
-7.9218,107.7309,41.02,4.3,92,2.766,1.22,8.8,8.8,0.137,15
-5.9924,125.2662,544.1,4.9,31,3.867,0.7,8.9,7.1,0.056,100
-10.8545,112.3622,10,4.5,93,2.954,1.38,7.5,1.9,0.128,18
-10.796,112.3139,10,4.6,75,2.937,1.18,7.6,1.9,0.141,15
-10.8307,112.2848,10,4.3,74,2.981,1.27,7.2,1.9,0.16,11
-10.8642,112.2993,10,4.7,76,2.999,0.78,7.9,1.9,0.112,24
-11.5819,117.1579,10,4.2,103,4.28,0.94,7.1,1.9,0.146,13
3.2449,127.8928,155.38,4.4,108,2.512,0.63,4.4,8.7,0.114,23
1.2178,127.7706,9.65,4.8,116,0.599,0.8,5.9,5.9,0.082,46
0.8399,97.0975,10,4.1,131,0.663,0.36,6.6,1.9,0.146,13
-9.7569,114.234,48.1,4.6,65,1.281,1.3,5.6,6.7,0.082,44
0.2948,121.9997,188.97,4.2,134,1.463,1.05,13.3,10.9,0.147,13
-0.0801,123.4281,99.4,4.5,55,1.159,1.07,7.1,7.3,0.089,37
1.4073,125.8986,77.52,4.4,79,1.597,0.74,14.4,10.7,0.123,19
-7.1109,106.6143,95.75,4.3,111,1.033,1.26,4.5,6.8,0.109,24
4.4346,96.4442,10,4.2,139,0.934,0.86,3.3,1.9,0.137,15
-8.3138,123.4194,10,4.8,54,1.212,0.97,5.7,1.8,0.088,40
-7.2957,126.052,423.91,4.5,59,3.014,0.8,13.1,10.2,0.163,11
-7.5543,119.2823,26.54,4.1,97,2.566,0.54,7.8,5.6,0.145,13
-3.0098,128.0269,64.73,4.1,88,3.873,1,4.7,12.6,0.175,9
2.1606,97.743,57.26,4.4,125,0.867,0.86,4.5,7.2,0.103,27
-8.3204,123.4094,10,5,57,1.2,1.06,4.3,1.9,0.078,52
-8.3562,123.4818,31.18,4.3,98,1.261,0.54,4.6,6.1,0.122,19
-7.942,123.5052,10,4.1,67,1.431,1.17,5.2,1.9,0.165,10
-8.3786,123.3694,10,4.5,59,1.148,1.16,6.6,1.8,0.121,20
-7.3598,95.7937,10,5,78,4.908,0.97,8,1.8,0.073,61
-10.4194,123.8525,31.1,4.5,64,0.281,1.04,4.9,6.5,0.106,26
0.2268,123.6792,131.71,4.1,114,1.552,0.87,7.3,11.2,0.151,12
-3.2559,100.8025,35.03,4.2,199,3.566,0.54,12.1,8.1,0.159,11
1.272,97.2022,34.69,4.2,210,0.374,0.41,8,8.2,0.215,6
3.0001,125.9419,53.25,4.6,106,2.631,0.71,7.8,10,0.136,16
8.3751,126.9234,10,4.2,181,1.859,0.67,10.5,1.9,0.136,15
-0.5176,119.9288,41.21,4.4,133,1.828,0.87,6.2,11.5,0.149,13
-8.6803,118.3528,129.57,4.3,108,3.841,0.92,8.8,17.4,0.153,12
-3.0394,127.7062,46.82,4.4,76,4.538,0.87,7.2,6.3,0.12,22
5.7374,125.6928,71.85,4.5,83,1.328,0.95,9.3,9.6,0.106,26
1.7771,126.4024,50.49,4.2,150,1.388,0.49,10.3,11.2,0.146,13
7.2965,126.5121,10,4.8,47,0.952,1.26,6.2,0.6,0.098,10
4.5437,125.9326,140.25,4.3,81,4.011,0.74,11.7,10.2,0.142,14
2.5416,126.8839,64.39,4.1,84,1.823,0.72,11.1,9.4,0.145,13
6.6628,126.4797,205.71,4.3,157,0.981,0.87,14.2,7.2,0.129,17
-9.8042,119.8909,69.81,4.1,78,2.591,1.06,8.2,6.1,0.174,9
2.5233,126.7404,55.66,4.1,112,1.849,1.23,10,10.5,0.114,21
-7.0262,102.3779,10,4.6,86,4.704,1.27,5.6,1.8,0.097,32
2.6989,127.1272,21.1,4.7,114,1.929,0.66,5.2,5.5,0.085,42
2.1471,96.7318,30.26,4.3,178,1.188,0.47,7.4,7,0.177,9
5.9363,124.5788,35,4.2,138,1.501,0.43,4.6,2,0.215,7
0.1686,98.4874,50.38,4.2,146,1.45,0.96,8.1,9.2,0.141,14
-2.8925,100.0895,56.12,4.3,154,3.335,0.78,10.8,9.1,0.143,14
7.156,126.8924,67.88,4.5,95,1.306,0.73,6.1,6.9,0.077,50
5.4689,126.9641,75.2,4.2,119,2.103,0.64,6.6,9.6,0.153,12
-8.0547,122.726,215.4,4.1,47,0.752,0.52,6,6.7,0.114,21
1.1735,127.2699,19.67,4.2,135,0.41,0.77,8.8,7.3,0.159,11
1.0707,127.508,7.71,4.5,117,0.328,0.39,4.7,6,0.15,13
1.0634,127.5743,6.02,4.7,84,0.356,0.82,3.4,4.8,0.09,38
2.1628,127.6017,97.63,4.6,83,1.401,0.78,5.7,7.9,0.09,40
0.9675,127.5842,24.61,4.8,87,0.291,1.25,6,5.8,0.084,43
6.0182,120.0397,50.87,4.9,58,1.746,1.02,5.3,4.7,0.062,85
0.9316,127.5133,10,4.3,148,0.216,0.43,7,2,0.189,8
-10.7449,117.2263,10,4.7,97,3.781,1.08,6,1.9,0.133,17
0.862,127.5671,10,4.4,133,0.219,0.65,4.8,1.9,0.12,20
0.8769,127.5239,17.01,4.6,68,0.188,0.71,6.2,5.8,0.152,13
-8.2269,119.4713,156.09,4.2,68,2.766,0.61,7.4,9.6,0.131,16
1.0267,127.5361,10,4.1,146,0.304,0.36,5.6,1.9,0.213,6
-7.5135,120.0156,613.35,4.1,67,2.466,0.72,11.6,9.5,0.094,31
4.0114,126.7839,46.32,4.5,80,3.27,0.52,9.4,5.9,0.124,19
4.6283,126.6126,79.25,4.7,84,2.634,0.85,7.8,3.6,0.063,77
-8.7114,118.85,124.93,4.1,75,3.35,0.91,8.5,10.5,0.14,14
3.7292,126.9386,51.65,4.3,150,2.968,0.5,10.5,12.8,0.133,16
-8.3437,115.4547,7.77,4,80,1.294,1.05,9.8,6.3,0.173,9
-5.7548,101.3078,10,4.9,115,4.411,0.8,8,1.9,0.097,33
-10.6682,115.85,39.69,4.3,110,2.752,1.11,7.5,7.5,0.129,17
0.8223,124.3318,219.8,5,28,2.421,0.88,3.5,6.1,0.041,188
7.2643,124.7848,26.36,4.4,78,0.811,0.86,8.7,5.8,0.134,16
-5.8793,107.7299,306.63,4.2,66,2.933,0.74,9.1,6.8,0.093,32
-5.9298,106.3876,150.05,5.1,35,3.446,1.15,8.3,5,0.067,73
-8.4217,107.0077,33.74,4.7,93,1.698,1.03,6.8,5.2,0.097,32
-7.7805,107.7737,5.92,4.6,55,2.727,0.67,7.7,4.9,0.083,43
-3.3743,102.0946,80.93,5,59,2.642,1.34,7.7,4.8,0.053,111
-3.5379,101.4422,76.33,4.5,181,6.169,0.52,15.3,6.9,0.144,14
7.3795,124.732,13.87,4.4,83,0.895,0.97,9.5,5.4,0.112,23
-7.3924,108.4731,123.21,4.4,28,1.022,0.8,5.9,5.2,0.084,41
-9.5364,114.2983,62.22,4.1,67,1.069,0.32,7.1,9.9,0.185,8
7.4717,124.7724,10,4.4,94,0.894,0.73,6.6,1.9,0.107,25
7.4074,124.7802,10,4.4,86,0.86,1.3,8.2,1.9,0.143,14
7.573,124.8211,10,5,96,0.903,0.55,6.4,1.8,0.07,65
7.5927,124.7895,10,4.9,94,0.939,0.67,6,1.9,0.062,82
7.5688,124.8087,10,4.4,96,0.911,1.33,5.9,1.7,0.155,12
7.5618,124.7428,8.18,5.7,41,0.962,0.75,6.5,3.4,0.062,25
7.479,124.7616,10,4.5,93,0.907,0.83,3.2,1.9,0.084,43
4.6015,126.0574,79.63,4.2,222,4.022,0.57,10.7,21.8,0.187,8
-7.0413,125.4414,498.44,4.2,87,2.936,1.12,7.3,23.8,0.187,8
-7.1134,105.2691,23.22,4.2,154,3.367,0.69,7.3,9.2,0.176,9
-8.2415,108.928,65.25,4.4,67,1.612,1.05,7.1,5.3,0.12,20
-0.3862,127.6244,10,4,171,1.178,1.15,10.7,1.9,0.183,8
-0.3969,127.2264,83,4.4,85,1.169,0.71,7.9,4.6,0.12,20
6.0656,126.7718,146.56,4.3,107,1.549,0.68,9.1,2.7,0.06,80
3.8755,127.9342,101.26,4.5,117,3.134,0.85,8.7,7.5,0.101,29
-7.6548,128.0476,168.4,4.3,54,3.237,1.09,8.7,9,0.169,10
3.44,126.9995,86.3,4.6,85,2.675,1.18,8.7,8.5,0.091,36
-6.1113,113.024,588,5.7,13,2.597,1.17,7.9,1.8,0.06,27
-7.5798,128.2343,143.54,4.4,92,3.062,0.96,5.3,14.1,0.179,9
-10.1961,118.8822,10.84,5.3,85,3.655,0.72,7.5,4.1,0.063,85
1.1132,97.2894,34.47,4.5,195,0.343,0.71,8.5,7,0.111,24
-6.8961,128.2829,282.21,4.6,123,3.179,0.98,9.5,13.1,0.172,10
6.3611,123.9102,38.14,4.6,67,1.8,0.83,4.7,8.3,0.081,45
2.9758,96.8408,59.69,4.3,160,1.815,0.53,8.7,9,0.137,15
1.778,127.0878,119.45,4.3,166,1.037,0.7,12,9.5,0.148,14
-7.454,128.1338,167.65,4.6,57,3.18,1.35,5.8,7.1,0.077,51
1.7258,126.2954,61.23,4.1,149,1.43,0.74,10.2,11.7,0.139,14
-8.1346,119.3564,41.72,4.4,93,2.894,0.62,8.3,9.4,0.115,22
0.908,127.2591,157.83,4.3,99,0.172,0.46,9.7,4.6,0.111,23
1.7746,126.5305,37.54,4.1,85,1.3,0.53,8.3,9.4,0.166,10
3.6252,127.0437,68.15,4.7,125,2.852,0.63,10.3,8.6,0.085,42
-10.4335,123.9711,23.54,4.3,86,0.377,1.05,5.8,8.5,0.217,6
-10.8831,122.1193,38.93,4,112,1.66,0.52,4.7,10.7,0.196,7
4.9675,125.975,72.27,4.1,172,2.125,0.63,8,12.1,0.198,7
-7.0257,118.2763,10,4,222,4.238,1.06,13.7,2,0.211,6
1.5765,99.5043,158.57,5,47,1.252,0.76,6.9,4.9,0.064,78
-6.0986,112.9501,590.53,4.6,41,2.64,0.71,10.1,7.7,0.069,63
2.9917,128.1783,58.22,4.1,102,2.349,0.38,11.1,10.9,0.123,18
-6.7949,125.2931,525.3,4.4,122,3.111,0.81,13.7,9.9,0.112,23
-7.5542,128.1836,159.39,4.1,57,3.116,0.74,9.2,6.2,0.145,13
3.7429,126.8855,35,4.5,156,2.99,1.04,10.8,2,0.089,37
-8.6068,119.1423,144.45,4.5,72,3.06,0.91,7.4,9.1,0.116,22
0.5634,121.5842,87.49,4.4,127,0.969,0.9,9.9,5.9,0.114,22
5.3955,125.8959,102.53,4.6,81,1.692,0.74,8.4,7.8,0.063,76
3.655,126.5136,35,4.3,137,2.988,0.59,11.1,2,0.129,17
0.626,126.1271,10.47,4.5,68,1.248,0.73,4.2,6.5,0.118,22
-8.1137,120.0271,181.04,4.2,76,2.247,0.73,5.5,11.5,0.152,12
-0.2628,122.2612,10,4.3,108,0.927,1.3,4.7,1.8,0.148,13
-8.0381,107.0476,28.99,4.3,96,1.331,0.54,6,5.6,0.153,12
0.3535,123.9785,181.62,4.1,91,1.837,0.88,9,10.5,0.145,13
-6.9836,126.9322,408.06,4.2,72,3.812,0.57,11.3,16.7,0.216,6
-5.6232,126.3369,504.77,4.7,45,4.589,0.89,10.9,9.4,0.102,29
2.1298,121.9567,545.99,4.5,81,1.55,0.75,14.3,10.7,0.121,20
-4.5268,126.2783,386.06,4.1,91,5.374,0.82,11.3,12.9,0.151,12
3.7389,126.8311,60.65,4.6,114,2.995,0.76,10.4,7.9,0.098,31
2.8026,95.8288,49.21,4.2,202,2.294,1.18,11.5,10,0.146,13
-6.0389,104.9644,75.14,5,34,2.604,1.18,7.5,4.3,0.06,91
-0.6365,128.0037,25.74,4.3,132,1.537,1.2,5,5.8,0.129,17
2.5187,126.9757,36.8,4.1,122,1.778,0.88,9.3,7.9,0.114,21
-6.6395,103.9961,43.46,4.3,161,2.489,0.71,8,7,0.143,14
-11.5035,112.7922,10,4.8,78,3.298,0.95,7.4,1.8,0.075,56
-9.7725,123.2554,58.25,4.1,150,0.589,0.52,10,17.3,0.302,3
-8.0567,119.7942,196.86,4.1,197,2.485,0.64,15.1,11.3,0.198,7
-0.2252,125.1781,40.82,5.3,28,2.402,0.89,6.1,4.3,0.071,19
5.7446,127.0572,121.04,4.5,128,1.972,0.75,9.6,5.9,0.074,53
-1.159,99.6881,43.14,6.3,20,2,1.13,6.5,3.3,0.056,31
2.7868,122.6638,509.33,4.3,98,2.511,0.58,15.3,12.6,0.201,7
7.0052,125.858,29.38,4.5,82,0.284,1.19,9.9,6.3,0.101,29
4.8664,95.8434,35,4.3,155,1.157,0.98,7,1.9,0.238,5
6.3373,127.0466,99.08,4.8,116,1.629,0.55,9.8,7.8,0.092,36
2.2228,118.7958,24.54,4.5,72,2.271,0.5,5.6,5.1,0.09,36
-6.0138,127.8118,408.88,4,79,3.975,0.45,9.6,12.3,0.172,9
2.1757,99.2059,150.46,4.2,90,0.586,0.55,8,6.1,0.098,29
5.9213,126.9945,158.5,4.3,142,5.128,0.57,11,9.3,0.133,16
4.5849,125.2355,35,4.3,107,2.492,1.15,8.1,2,0.119,20
-7.1689,125.5093,538.08,4.7,73,2.848,0.85,12.6,10,0.138,16
1.8894,124.731,235.65,4.2,247,2.859,0.92,12.1,21.4,0.131,16
9.1248,125.5707,80.34,4.5,187,2.041,0.92,12,8.6,0.18,9
-7.4642,127.551,191.08,4.2,93,3.749,0.69,9.4,9.9,0.235,5
-10.326,111.1036,10,5.2,23,2.465,1.14,6.4,1.7,0.071,19
1.2373,122.6093,16.95,4.6,69,1.831,0.69,6.4,5.1,0.105,27
2.5076,95.8388,10,4.6,140,2.107,0.98,8.5,1.8,0.109,25
-7.3238,105.7976,35,4.5,133,1.87,0.78,5.1,2,0.271,4
3.3498,126.9502,47.79,4.6,113,2.594,1.22,9.2,8.3,0.109,25
4.0301,123.292,539.01,4.1,76,3.833,1.13,9.9,11.4,0.114,21
-8.1355,117.9683,10,4,125,3.571,1.01,8.7,2,0.211,6
3.7197,126.8705,42.43,4.6,112,2.97,1.07,8,9.2,0.128,18
4.1821,124.8746,53.76,4.9,78,2.953,0.8,6.2,7.4,0.072,61
-7.7606,117.2244,10,4.1,74,3.122,0.68,9,1.9,0.213,6
6.4868,123.7798,35,4.2,104,1.878,0.78,5.4,2,0.159,11
-6.6611,127.4515,399.03,4.2,56,4.035,0.97,7.7,8,0.088,37
6.5882,125.5363,79.38,4.4,128,0.48,0.75,8.1,5.8,0.103,27
-8.3954,115.1702,169.06,4.1,124,1.009,0.71,12.4,7.6,0.131,16
1.0562,124.8936,134.19,4.5,64,2.488,1.44,8.1,7.3,0.09,36
-9.3234,113.4273,52.87,4.6,88,1.109,1.25,7.8,6.8,0.1,30
-7.2366,128.0291,178.71,4.1,169,3.325,1,12.3,10.5,0.262,4
3.7161,127.0112,35,4.5,141,2.946,0.8,7.5,2,0.131,17
-1.3753,120.5523,43.31,4.6,82,2.243,0.81,6.3,9.6,0.101,29
-4.1154,103.6789,38.94,4.6,73,0.761,0.91,5.2,6.7,0.097,32
-9.7388,111.8844,10,4.3,175,2.258,0.82,6.4,1.9,0.16,11
-0.4719,127.4541,123.07,4.4,88,1.238,0.51,5,6.3,0.083,42
1.7007,127.334,10,4.5,116,0.923,1.08,6.5,1.9,0.082,44
-0.299,125.7117,59.77,4.3,72,1.967,0.98,8,8.6,0.111,23
-6.2578,128.0493,13.7,5.5,24,3.651,0.72,6.7,3.6,0.056,31
-6.9667,125.192,523.47,4,89,2.917,0.4,11.4,13.7,0.164,10
-6.5499,105.3828,77.1,4.5,153,3.25,0.88,12.1,4.9,0.156,12
-7.6972,128.1569,155.06,4.3,159,3.125,1.17,11.4,27.4,0.532,1
2.7196,128.128,78.85,4.3,119,2.079,1.32,11,9.5,0.138,15
-1.392,120.7818,66.36,4.3,53,2.019,1.25,6.6,10.3,0.161,11
-6.3474,127.9247,370.6,4.4,51,3.721,0.57,8.8,8.4,0.123,19
1.3553,126.3725,38.1,4.7,91,1.15,0.67,8.1,8.4,0.106,27
6.1583,126.337,73.83,4.5,114,1.177,1.18,7.3,8.4,0.118,21
-2.2958,99.891,21.4,5.3,96,2.846,0.81,8.3,4.3,0.056,109
1.8633,128.2192,117.57,4.1,108,1.379,0.64,11.9,7.9,0.123,18
0.8724,126.4546,46.44,4.4,54,0.917,0.49,7.2,7.8,0.126,18
-6.5265,127.4109,415.16,4.2,96,4.119,0.47,8.6,14.9,0.304,3
3.0064,128.1742,149.52,4.4,113,2.361,0.59,12.6,3.3,0.106,26
1.0477,100.0394,214.02,4.1,89,1.23,1.34,8.9,5.7,0.151,12
-6.3342,106.5514,170.96,4.2,124,4.081,1.44,10.9,13.1,0.137,15
-7.6158,115.9465,304.1,4.8,46,1.969,0.97,7.7,5.1,0.06,86
-3.8027,101.3993,35,4.3,201,1.648,0.38,6.2,2,0.16,11
-3.7682,101.6228,31,6.4,26,1.453,0.9,5.8,1.7,0.057,30
4.9809,123.1813,583.78,4.2,104,4.529,0.84,12.9,6.9,0.104,26
-9.3793,116.8291,59.36,4.1,105,2.795,1.49,9.4,4.5,0.145,13
-8.4318,110.1697,103.93,4.3,69,0.623,0.82,5.6,7.4,0.16,11
0.578,126.1973,10,4.6,53,1.185,0.73,7,1.9,0.085,41
1.2516,124.1251,264.73,4.6,75,2.649,1.02,7.6,7.8,0.07,65
-1.3908,120.631,34.85,4.1,81,2.168,0.37,6.4,3.9,0.261,4
-8.1513,103.9711,10,5.2,104,2.847,0.59,7.1,1.6,0.062,86
-7.5498,121.8589,8.56,5,62,1.142,0.5,5.6,3.8,0.067,71
-10.0844,113.1818,34.2,4.2,91,1.868,1.17,7.9,7.3,0.177,9
-7.5611,119.3215,274.67,4.1,84,3.078,0.6,4.7,10.3,0.114,21
-4.8056,103.1618,57.53,4.3,186,0.487,0.51,9.5,8.1,0.122,19
0.6464,126.2906,46.54,4.7,54,1.083,0.61,8.2,9.5,0.11,25
-5.3129,102.4112,38.72,4.6,105,1.09,0.83,8.1,12.2,0.157,12
-5.2847,102.4463,35.84,4.6,62,1.049,1.21,6.8,6.1,0.09,37
6.4305,124.085,10,4.4,91,1.614,0.75,6.9,1.9,0.138,15
2.5308,126.8186,54.87,4.2,144,1.831,0.56,11.6,10.2,0.132,16
-8.3125,123.8276,178.93,4.3,78,1.497,1.16,9.8,8.1,0.142,14
-8.0094,122.9813,220,4.2,105,0.963,1.11,13.2,11.3,0.167,10
1.0164,126.7997,64.98,4.1,85,0.616,0.69,7.9,8.9,0.15,12
1.3502,126.94,122.88,4.1,175,0.715,0.84,8.7,8.6,0.157,11
5.7601,127.0236,133.69,4.4,136,1.937,0.39,11.1,6.5,0.138,15
6.3104,95.1161,36.71,4.8,110,2.115,0.64,9,7.9,0.065,72
2.1215,97.8577,57.9,4.6,47,0.859,0.48,5,6.2,0.063,75
7.725,125.1699,21.24,4.3,162,0.767,1.05,8.8,4.1,0.133,16
7.9215,125.2212,20.8,5.1,85,0.917,0.63,7.5,5,0.058,95
6.1147,125.415,76,5.8,15,0.962,0.86,6.7,1.8,0.054,33
-7.7606,123.8856,287.59,4.5,179,1.848,0.87,14.3,13.9,0.171,10
3.7859,128.0433,104.4,4.1,159,3.069,0.67,7.3,9.8,0.14,14
-8.2214,108.0846,88.91,4,92,1.465,0.76,7.3,5.8,0.183,8
-8.1608,108.9879,63.18,5,27,1.54,1.18,6.7,3.3,0.089,12
0.3633,127.097,56.87,4.2,209,0.487,0.61,14.1,20.2,0.159,11
4.7326,125.5243,39.6,4.7,111,2.322,0.66,4.1,8.3,0.078,50
-5.7228,102.6069,29.4,4.3,194,1.397,0.67,6.5,8.2,0.201,7
0.0886,98.6265,35.11,4.5,72,1.6,0.95,6.3,7.1,0.079,47
-9.4684,113.8023,67.03,4.2,99,1.05,0.43,6,9.9,0.147,13
-6.337,125.5892,533.57,4.5,52,3.639,0.93,14.6,14,0.132,17
4.6675,95.4038,71.83,4.6,165,1.635,0.76,8.8,9.7,0.112,24
1.0174,126.394,10,4.1,138,1.002,1.12,8.1,2,0.213,6
-2.6718,102.2422,158.65,5.1,76,1.822,0.75,5.5,4.9,0.058,95
-4.5147,125.4762,433.26,4.4,43,4.381,0.95,10.7,8.4,0.078,48
2.6194,125.5699,134.24,4,278,2.567,0.45,15.2,16,0.212,6
-10.0948,114.9189,52.05,4,167,1.782,0.41,7.9,10.5,0.163,10
3.0763,128.2125,59.05,4,132,2.44,0.59,10.1,13.5,0.164,11
-8.3289,124.3611,10,4.3,97,1.42,1.49,9.2,1.9,0.177,9
-9.4984,125.8281,68.34,4.5,97,1.56,1.16,9.5,9.3,0.243,5
-9.4413,111.9455,50.65,4.2,184,2.07,0.61,6.7,11.7,0.167,10
-2.9245,127.027,49.72,4.1,85,3.687,0.65,4.5,10,0.135,15
1.1489,126.5375,35,4.6,81,0.909,1.4,7.6,2,0.107,26
-9.2867,113.0643,21.5,4.1,115,1.346,0.8,7.9,10.3,0.197,7
-4.3959,101.9417,50.48,5.1,78,1.011,0.9,6.6,5,0.052,123
-3.5583,126.0847,15.58,5.8,30,4.147,1.11,6.9,3.3,0.059,28
-7.7743,117.5102,280.19,4.4,60,3.396,1.05,8.2,7,0.103,27
0.9937,122.6898,394.14,4.9,44,1.911,1.2,8,5.6,0.042,178
2.6386,126.2148,10,4.5,113,2.182,0.61,8,1.9,0.121,20
-5.8879,101.252,10,4.6,78,2.276,0.61,6.4,1.8,0.125,19
-5.6513,101.3947,10,4.9,116,2.015,0.63,5.2,1.7,0.074,57
-5.6622,101.3798,10,5.3,36,2.033,0.78,6.5,1.8,0.083,14
1.7339,126.0663,10,4.3,145,1.613,1.06,8.6,2,0.168,10
-1.266,120.9232,35,4.1,120,1.861,0.67,6.2,2,0.197,7
-7.13,104.6723,10,4.5,164,2.936,0.45,8,2,0.314,3
4.0478,122.5925,579.8,4,66,3.432,0.96,15,13.2,0.126,17
-7.3133,107.7612,141.58,4.4,101,0.508,1.48,7.8,5.7,0.13,17
-9.3013,97.0784,10,4.5,113,2.88,0.63,9,1.9,0.15,13
-2.7529,128.1219,77.86,4,105,3.581,1.19,12,13.9,0.172,9
-6.8034,112.4451,10,4.3,84,2.004,0.74,7.1,1.9,0.122,19
-7.4837,128.3095,136.43,4.5,73,3.003,1.41,9.4,4.9,0.156,12
0.3096,120.2036,67,5.5,35,0.983,0.89,5.7,1.7,0.066,22
1.9099,128.1866,111.79,4.3,102,1.396,0.69,4.1,7.6,0.09,35
-5.6301,103.7242,40.67,4.7,206,1.475,0.4,10.7,7.7,0.103,29
6.177,125.9637,140.3,4.4,88,0.965,0.69,10,7.1,0.107,25
0.9984,96.9326,10,4.3,117,0.71,0.8,4.5,1.9,0.122,19
3.9964,125.5147,136.61,4.1,120,3.699,1.02,11.6,9.7,0.136,15
2.3009,126.5585,109.94,4.2,161,1.72,1.41,8.7,14.4,0.186,8
3.9106,127.2376,55.67,4.1,138,3.12,1.13,11.5,9.1,0.116,20
-8.2853,108.5859,74.92,4.3,91,1.742,0.89,6.2,4.6,0.133,16
4.4855,126.7773,76.66,4.9,111,2.83,0.98,4.7,7.7,0.075,55
-8.9768,110.3985,57.92,4.7,53,1.064,0.78,6.8,6.6,0.115,23
0.2777,127.2249,141.97,4.6,91,0.51,0.67,10.8,3.8,0.116,22
0.4898,123.6326,247,4,116,1.748,1.41,12.8,4.6,0.211,6
-6.0751,128.2885,354.84,4.2,71,3.538,0.64,10.4,13.8,0.186,8
1.8968,124.8004,177.06,4.9,81,2.798,1.06,7.8,7.5,0.062,82
-4.2667,102.2033,47.95,4.2,189,0.756,0.48,5.9,8.9,0.159,11
0.7714,123.3111,47.09,4.9,41,1.88,0.84,5.8,8.8,0.074,57
-7.1082,107.6362,18.56,4.2,119,0.284,0.36,6.1,6.6,0.235,6
3.4107,127.2049,35,4.4,83,2.626,0.96,9.6,2,0.13,17
-6.5502,103.488,28.66,4.3,171,2.238,0.95,5.8,7.4,0.154,12
-6.5426,103.0152,20.68,4.3,173,2.168,1.11,12.5,3.6,0.265,4
0.5339,123.6393,241.89,4.3,65,1.789,0.97,7.8,8.4,0.104,26
-5.2111,103.3465,57.59,4.8,90,0.93,0.68,7.1,6.9,0.068,66
-6.6518,127.435,410.45,4.3,47,4.054,0.72,10.4,6.2,0.099,29
-9.7897,111.8698,40.39,4.7,115,2.291,1.33,4.7,9.2,0.12,21
-7.5044,127.5552,143.31,4.9,19,3.74,1.48,6.9,4.3,0.077,53
5.7598,124.3066,10,4.4,104,1.814,0.95,9.4,1.9,0.161,11
2.5432,128.0848,159.61,4.1,105,1.9,0.62,9.5,9.2,0.12,19
-11.5408,118.24,35,4.1,107,4.881,1.05,9.6,2,0.175,9
-2.8351,101.9677,104.23,4.2,114,1.807,0.83,8.4,7.1,0.101,27
-7.6076,123.2052,208.52,4,210,1.4,0.57,16.6,18.6,0.211,7
-3.9326,126.7509,56.04,4.4,66,4.713,0.81,7.5,9.5,0.13,17
4.4874,126.8052,64.92,4.3,161,3.733,0.64,7.9,12.9,0.137,15
-9.0969,126.7855,84.4,4.4,66,2.569,0.8,7.2,9.2,0.138,15
0.4098,121.9844,113,5.9,15,1.389,1.07,6.9,1.8,0.053,34
0.6343,97.1886,28.92,4.3,186,0.769,0.5,8.3,7.7,0.178,9
1.9994,121.8447,525.2,4.3,92,1.381,0.57,15,10.3,0.119,20
1.4122,99.1495,10,4.4,86,1.292,0.59,5.5,1.9,0.073,18
1.4763,99.1935,10,4.9,40,1.239,1,5.2,1.8,0.063,80
3.2809,126.0888,235.5,4.1,173,5.724,0.39,12,24.6,0.198,7
-8.2566,119.3116,17.38,5.2,50,2.919,1.06,6.5,3.2,0.065,77
-8.0313,107.0615,58.52,4.6,102,1.319,1.42,3,8.7,0.114,23
1.3325,97.1282,31.49,4.5,156,0.448,0.44,6.5,8.4,0.118,21
5.0533,125.4813,193.14,4.3,97,2.005,0.52,9,7.4,0.101,28
0.8993,123.9307,245.59,4.4,84,2.249,0.39,10.2,9.5,0.12,20
1.4585,125.9778,110.99,4.1,148,1.547,0.57,9.4,11.6,0.185,8
5.8259,125.5446,203.66,4.4,112,1.236,1.03,8,6.2,0.086,39
4.1902,128.2512,10,4.2,186,3.508,0.62,13.4,2,0.175,9
7.8987,126.6076,84.63,4.5,110,1.31,0.73,10.6,7.2,0.097,31
5.476,127.1362,112.89,4.2,197,4.678,0.15,18.6,15,0.2,7
-9.0048,113.148,48.56,4.3,96,1.125,0.3,10.6,9.5,0.132,16
-10.1232,118.1884,51.86,4.4,89,4.26,0.79,7.7,7.3,0.097,31
2.7455,98.9789,146.54,5.4,23,0.075,0.92,6.4,4.3,0.066,22
-7.1289,111.3981,213.79,4,133,0.953,0.69,9.1,8.7,0.143,13
-8.4457,107.7762,56.2,4.3,84,1.62,1.3,6.8,7.7,0.107,25
-5.5413,110.2462,530.11,4.2,44,1.51,0.82,11.4,6.7,0.087,37
0.6123,98.9016,88,4,175,1.493,0.34,9.9,11.2,0.368,2
0.5232,121.4883,105.28,4.3,106,0.916,1.01,7.1,6.5,0.086,38
-8.798,121.5413,172.74,4.3,68,0.707,0.69,9,7.6,0.147,13
-2.5313,101.0096,64.77,4.3,185,2.659,0.75,9.1,9.9,0.133,16
-4.3374,100.9072,14.82,4.7,106,2.042,0.53,7.7,4.8,0.106,27
5.9876,126.1426,137.26,4.2,107,1.212,0.82,9.6,4.5,0.106,25
5.7713,127.1385,62.24,4.5,128,2.016,0.62,7.9,8.6,0.108,25
3.6465,122.0929,587.34,4.2,133,2.838,0.54,11.3,10.7,0.108,24
-7.4094,105.9824,8.54,5.2,25,3.069,1.15,5.8,3.3,0.048,143
1.5164,122.1324,461.62,4.1,130,1.409,1.22,13.7,12.2,0.174,9
1.1943,99.3953,22.94,4.5,93,1.562,0.76,6.4,4.9,0.18,9
3.0263,126.8845,44.21,4.7,56,2.29,0.99,3,7.4,0.058,89
2.7644,126.7029,56.45,4.3,105,2.087,0.64,9.3,6.5,0.106,25
-8.1781,122.6166,196.26,4,202,0.589,1.17,13.6,11.6,0.173,9
-1.2484,120.3604,10,4.6,83,2.381,1.02,6.2,1.9,0.092,35
3.7065,126.8362,26.93,4.6,106,2.963,0.78,9.1,5.7,0.071,59
-5.202,122.9123,29.74,4,82,3.153,0.83,6.5,7.6,0.172,10
1.6784,127.634,180.65,4.5,204,0.939,0.77,7.1,8.2,0.181,9
-6.2184,103.46,39.81,4.4,177,1.912,0.5,12.3,4.5,0.143,14
-11.5515,118.2712,48.16,4.1,108,4.862,0.95,4.5,11,0.234,5
7.1045,127.1178,10,4.1,126,1.527,0.69,10.6,1.9,0.15,12
-4.338,102.9257,62.58,4.6,180,0.037,0.71,8.4,4.3,0.129,18
0.5086,126.1985,47.82,4.5,45,1.197,0.78,6.7,4.6,0.099,30
0.8052,126.1608,39.41,4.5,66,1.206,0.91,8.3,8.4,0.111,24
-8.6199,118.307,138.27,4.3,77,3.858,0.99,7.8,8.2,0.133,19
-8.4238,122.5154,202.41,4.6,32,0.346,0.87,7.4,5,0.063,76
-6.0594,101.8877,10,4.7,96,1.994,0.81,7.3,1.8,0.096,33
6.0507,125.8556,74.44,4.7,109,1.049,0.69,9.7,8.5,0.065,71
-9.4306,118.3006,100.81,4,87,3.968,0.94,6.1,10.7,0.164,10
-0.1022,123.4212,139.75,4.2,74,1.137,0.83,9.4,9.9,0.147,13
5.6203,126.5643,81.92,4.2,123,1.741,0.81,9.2,9.5,0.121,19
1.9442,126.4421,10,4.2,112,1.486,0.85,8.3,1.9,0.136,16
2.4493,128.1039,183.31,4.2,136,1.822,0.36,6.9,8.9,0.136,15
5.5338,126.7058,67.48,4.2,176,1.892,1.01,10.1,10.9,0.136,15
2.0184,127.8165,230.95,4.1,108,1.317,0.67,14.7,8,0.144,13
-7.1759,117.1215,605.58,4,71,3.21,0.98,11.9,7.7,0.139,14
2.2268,127.2513,107.84,4.9,95,1.449,0.71,7.6,6.6,0.074,58
-5.9089,128.0393,347.95,4.3,90,3.835,0.85,8.6,16.7,0.217,6
-7.2422,128.1444,10,4.6,60,3.212,1.19,7.3,1.9,0.094,34
1.7658,126.5721,35,4.2,86,1.267,1.14,6.9,2,0.187,9
5.6795,125.6928,137.22,4.7,84,1.385,1.18,8.3,7.3,0.055,100
8.8146,126.7072,10,4.5,114,2.062,1.18,5.6,1.9,0.14,15
-6.1923,103.7696,46.22,4.1,188,1.992,0.66,11.7,10.1,0.185,8
1.8244,126.7114,41.07,4.2,120,1.233,0.94,7.9,10.4,0.132,16
8.7643,127.1865,25.21,4.4,189,2.317,1.09,11,5.7,0.17,10
8.2273,126.6032,54.66,4.4,119,1.534,0.85,9.4,8.4,0.085,40
-6.5338,105.1342,36.76,4.5,142,3.06,0.45,4.7,11.3,0.15,13
5.1184,125.3864,36.37,4.3,108,1.947,1.23,7.9,9.8,0.142,14
-7.4823,125.8371,406.81,4.3,40,2.74,1.03,8.6,9.4,0.125,18
1.4186,126.7881,77.1,4.9,83,0.864,0.56,6.5,4,0.053,114
2.2425,126.6935,51.69,4,180,1.608,0.6,10,7,0.144,13
2.5596,126.8388,60.69,4.2,126,1.852,0.85,12.2,9.5,0.124,18
-4.0625,101.9279,40.89,4.2,184,1.066,0.67,10,11.1,0.167,12
0.4798,126.6561,57.25,4.5,101,0.767,0.29,8.2,11,0.156,12
-9.5706,124.6893,22.71,5,51,0.454,1.12,5.5,3.4,0.08,50
3.0047,127.9657,139.75,4.2,105,2.297,0.58,9.9,7.9,0.084,40
5.8229,125.9897,125.7,4.5,108,1.304,0.77,9.4,7.1,0.067,65
2.4923,95.8831,23.56,4.2,207,2.062,0.76,6.6,8,0.176,9
4.568,125.5866,151.55,4.5,112,2.485,1.02,7.7,6.6,0.075,53
-1.316,120.5997,10,4.7,80,2.188,0.5,2.8,1.9,0.081,46
0.2332,122.0857,178.68,4.3,177,1.44,0.68,10.2,7.4,0.111,23
-7.094,125.3542,493.21,4.3,35,2.854,0.86,10.7,9.2,0.102,27
0.6251,98.1142,32.53,4.8,60,0.863,1,6.5,5.2,0.073,58
6.4508,124.5285,411.69,4.1,83,6.131,0.98,9.5,9.1,0.083,40
-7.203,105.53,10,4.4,138,2.103,0.89,6.5,1.9,0.138,15
-1.8294,99.2771,10,4.3,207,2.773,0.63,9.1,2,0.307,4
-7.9806,117.6513,37.53,4.5,83,3.497,1.08,8.7,13.5,0.205,7
0.8501,123.2722,52.46,4.6,56,1.944,0.68,6.1,7.8,0.072,58
-6.8916,126.8728,389.52,4.3,73,3.839,0.43,9,9.8,0.119,20
1.0942,125.5775,83.07,4,76,1.817,0.86,7.6,8.7,0.13,16
-10.2589,112.7665,10,4.2,94,2.242,0.79,6,2,0.263,4
-5.9678,102.3471,10,5.1,168,1.707,1.23,8.3,1.9,0.073,61
-4.5698,102.6039,52.51,4.3,81,0.407,0.79,10.2,3.1,0.168,10
2.7318,126.1314,90.39,4.3,80,2.305,0.89,5.5,8.4,0.117,21
3.5689,127.2152,59.14,4.2,155,2.782,0.58,10.9,10.4,0.152,12
0.6052,98.5217,47.42,4.6,166,1.173,0.75,5.1,8.6,0.122,20
-7.6454,127.5352,173.65,4.6,50,3.744,0.91,5.8,4.6,0.079,53
-4.1281,102.1165,64.6,5.2,24,0.868,0.81,6.9,4.7,0.043,179
-8.0637,122.7676,227.34,4.4,44,0.773,0.86,8.9,7,0.108,25
1.6555,126.0267,25.15,4.3,94,1.601,0.62,8.9,7.6,0.168,10
-7.7564,128.1692,148.78,4,193,3.108,0.33,14,25.5,0.258,4
1.1216,97.1806,29.09,4.2,190,0.434,0.68,12.4,7.8,0.116,21
-7.5021,118.3251,570.65,4.7,50,2.849,1.04,9.7,5.7,0.067,68
-3.2652,101.1271,49.01,4.3,190,2.124,0.83,6.9,9.2,0.132,16
3.7342,128.0242,120.35,4.6,105,4.111,1.07,6.4,7.4,0.083,43
-2.5576,121.7382,10,4.8,58,1.825,1.2,2.4,1.9,0.095,34
-1.1021,120.1069,10,4.2,85,2.299,0.37,7,2,0.187,8
0.142,121.8617,174.63,4.3,150,1.446,0.98,9.6,7.8,0.116,22
3.439,126.7062,10,4.4,49,2.73,0.58,8,1.9,0.11,24
8.2968,126.5457,81.44,4.9,104,1.55,0.8,8.9,6.9,0.066,72
0.0971,126.9005,10,4.2,94,0.816,1.23,6.1,1.8,0.166,10
-8.5721,118.2999,138.6,4.4,71,3.817,1.27,7.9,7.5,0.103,27
-7.481,127.897,153.91,4.6,35,3.407,0.9,7.7,5.2,0.063,75
2.6356,128.2109,48.71,4.9,89,2.034,0.71,8,7.6,0.069,67
-4.6262,102.2317,53.27,4.4,126,0.768,0.6,6.4,7.1,0.098,30
-5.8851,125.1475,35.11,4.1,61,3.942,1.11,3.9,10.4,0.145,13
2.4126,126.8578,35,4.8,66,1.707,1,8,1.9,0.066,74
-7.6188,127.572,133.29,4.1,57,3.71,1.07,8.9,9.6,0.175,9
2.0573,123.794,346.09,4.2,118,3.154,0.87,6.6,10,0.11,23
3.5742,126.8645,4.93,4.3,173,2.828,0.73,19.1,6.7,0.148,13
5.1627,125.2353,37.79,4.5,135,1.925,0.46,4.3,10.8,0.14,15
1.8136,122.5826,424.52,3.9,129,1.93,0.78,16.8,7.8,0.149,12
-4.5937,102.5848,52.62,4.3,187,0.436,0.85,10,7.2,0.16,11
-8.7122,119.1491,141.46,4.1,74,3.054,1.21,8.2,9.1,0.15,12
7.1072,127.3437,34.86,4.6,91,1.751,0.68,8.4,5.5,0.058,90
3.6904,126.7757,56.82,5.4,65,2.958,0.88,7.5,6.2,0.042,189
-8.3206,106.259,7,5.7,46,2.004,1.46,3.2,1.7,0.048,42
-6.0236,127.8056,403.04,4.2,104,3.976,0.33,12.3,12.3,0.136,15
-1.3191,120.518,10,4.3,82,2.27,1.34,4.6,2,0.201,7
1.4858,123.8416,28.18,4.3,187,2.729,1.36,8.7,8.1,0.137,15
-4.4127,126.0841,412.58,4.8,28,4.707,0.72,8.9,6.6,0.054,106
3.8086,126.7135,34.62,4.5,158,3.086,1.01,8.9,6.1,0.156,12
-9.525,117.5285,72.2,4.1,103,3.496,0.91,8.2,9.8,0.135,15
-4.1883,126.9146,333.82,4.1,89,5.471,1.02,11.1,12.6,0.145,13
-1.341,120.6185,10,4.9,80,2.173,1.19,6.4,1.9,0.076,55
-5.8129,127.7866,398.14,4,93,4.099,0.4,9.3,8.5,0.164,10
5.5313,125.1672,13.99,5.2,52,1.582,1,6.6,2.3,0.042,185
-0.2722,125.8894,61.36,4.3,61,1.804,0.64,5.1,11,0.147,13
-11.4413,118.4324,38.28,4.4,94,4.67,1.16,5.9,11.2,0.143,14
-8.2694,119.1401,35,4.2,86,3.085,0.97,5.1,2,0.167,10
2.3502,126.8343,57.56,4.8,100,1.655,0.82,8.4,7,0.074,57
-2.168,102.2183,205.08,4.2,127,2.298,1.02,8.4,9.5,0.141,14
-1.3239,120.4132,10,4.7,85,2.374,1.29,6.7,1.9,0.097,32
-1.2843,120.5419,10,4.5,81,2.242,0.81,6.4,1.9,0.136,16
0.3057,99.5322,105.92,4.6,153,1.507,0.7,7.3,6.5,0.152,13
-1.2588,120.3901,10,4.2,83,2.386,0.7,6.5,1.7,0.167,10
-8.1091,119.6927,205.61,4.2,77,2.571,1.09,8.9,8.4,0.132,16
2.8091,128.3131,51.34,4.4,148,2.233,1.27,13.1,10.1,0.154,12
2.4073,126.852,52.23,4.6,106,1.704,1.01,4.6,7.1,0.071,59
6.5018,126.2943,89.06,4.7,81,0.907,0.83,7.1,6.7,0.064,73
1.5934,126.5787,59.24,4.9,84,1.134,1.13,8,7.3,0.076,54
4.7718,125.708,129.13,4.2,111,2.286,0.99,5.2,8.4,0.115,21
-8.0288,107.9351,69.86,4.4,91,2.565,0.43,10,11.2,0.219,6
-7.3943,119.4761,262.99,4.2,107,3,1.09,11.4,11.2,0.214,6
-1.2306,120.5324,19.92,4.5,80,2.246,1.04,4.7,5.2,0.111,24
1.7571,126.6552,69.28,4.1,178,1.21,0.86,10.3,11.1,0.157,11
-1.2263,120.4977,10,5,81,2.28,1.14,4.2,1.8,0.07,65
-8.2333,121.6397,33.04,4.6,74,0.714,0.79,7.1,6.1,0.097,32
-1.3189,120.6458,10,4.2,136,2.143,0.39,7.2,1.9,0.235,5
-1.1075,120.6105,10,4.2,84,2.161,0.49,6.2,1.9,0.235,5
4.2628,126.0812,118.88,4.2,135,3.697,0.71,13.2,11.5,0.141,14
-1.1906,120.6301,10,4.8,93,2.146,0.53,4.1,1.9,0.1,31
-1.1896,120.655,10,4.4,100,2.121,0.98,6,1.5,0.149,13
6.0424,123.755,559.38,4.1,75,2.079,0.89,12.5,9.4,0.097,29
5.6026,127.1123,137.58,4.3,168,2.108,0.73,11.3,9.6,0.113,22
-1.2674,120.5076,10,4.2,81,2.274,1.19,6.7,1.9,0.159,11
-1.1186,120.8647,10,4.2,77,1.908,1.01,6,1.9,0.137,17
-1.2395,120.5673,10,4.3,80,2.212,1.36,6.3,1.9,0.148,17
-1.2713,120.5208,10,4.9,54,2.262,0.71,3.2,1.9,0.068,68
-1.286,99.5969,35,4.5,104,2.155,1.27,8,1.9,0.118,21
-1.3808,120.5086,10,4.9,63,2.287,0.79,6,1.9,0.064,76
-5.5441,102.7462,47.1,5.3,35,1.194,0.93,6.7,5,0.058,99
-1.1447,120.2555,10,4.3,131,2.301,0.92,8.6,1.9,0.188,8
-9.5619,107.1004,43.82,4.5,92,1.693,0.83,6.6,8.5,0.181,9
-1.1926,120.5709,10,4.5,79,2.205,0.82,4.2,1.9,0.171,10
-1.392,120.2983,10,4.3,71,2.497,1.29,4.2,2,0.178,9
-1.3386,120.3686,10,4.3,84,2.42,0.92,4.5,2,0.238,5
-1.3754,120.417,10,4.4,84,2.377,0.84,5.8,1.9,0.162,11
-1.4151,120.3299,10,4.3,167,2.549,0.81,12.7,2,0.201,7
-1.2347,120.4449,10,4.4,76,2.334,0.93,6.1,1.9,0.117,21
-1.2892,120.5557,10,4.2,102,2.229,0.52,6.9,1.9,0.236,6
-1.2686,120.4663,15.31,4.5,110,3.564,0.77,15.9,6.5,0.181,10
-1.343,120.3921,10,4.2,84,2.397,0.35,7.4,1.3,0.235,5
-1.2748,120.3844,10,4.6,134,2.403,0.94,11.4,1.9,0.224,6
-9.2441,112.1255,37.7,4.2,140,2.064,0.49,8.1,10.7,0.215,6
-1.2182,120.457,10,4.5,66,2.32,0.55,6.5,1.3,0.113,23
-1.2539,120.3492,11.62,4.3,83,2.388,0.48,5.3,6.5,0.202,7
-1.315,120.4649,10,5,82,2.322,0.45,4.8,1.9,0.095,35
-1.3027,120.4838,10,5.1,118,2.302,0.77,6.9,1.9,0.096,35
-1.2496,120.4189,10,4.6,82,2.361,0.73,3.9,1.8,0.116,25
-1.2372,120.4176,10,5,82,2.36,1.01,6.9,1.9,0.077,55
-1.2974,120.4838,10,4.7,85,2.301,0.81,5.9,1.7,0.094,34
-1.2988,120.3987,10,4.5,91,2.386,0.99,6.4,2,0.384,3
-1.2497,120.4009,10,5.1,82,2.375,1.12,3.9,1.9,0.102,31
-1.2739,120.4503,10,5.3,83,2.392,0.78,5.8,1.9,0.123,26
-1.2923,120.4313,12,6.6,18,2.353,0.9,5.6,1.7,0.045,47
4.1915,97.2775,10,4.9,59,1.081,0.92,4.6,1.8,0.086,13
6.3658,126.1461,71.24,4.4,176,0.897,0.68,10.3,9.6,0.134,16
0.2684,98.579,54.75,4.1,161,1.437,0.55,5.5,9,0.197,7
0.6074,121.224,82.31,4.7,60,0.667,1,3.5,7.6,0.152,13
0.6287,120.3226,68.21,4,137,0.663,0.69,9.7,9.8,0.15,12
5.8733,126.3521,57.11,4.1,139,1.415,0.65,10.1,9.5,0.165,10
6.0002,126.4829,53.12,4.6,107,1.391,0.68,8.2,7.4,0.064,72
-9.6702,119.5772,60.76,4.2,79,2.82,0.92,8.9,10.3,0.167,10
-7.0312,103.7117,32.71,4.2,172,2.757,1.41,7.8,7.4,0.141,14
5.837,126.2584,49.59,4.6,110,1.398,0.82,4.3,7.4,0.073,56
3.1647,125.5453,183.51,4.6,72,2.993,0.65,8.1,8.2,0.091,36
5.9585,126.4631,47.03,4.7,146,1.41,0.75,7.1,7.7,0.081,46
-7.4303,128.202,151.05,5.1,23,3.117,0.78,7.3,4.8,0.053,115
-10.219,118.859,43.56,4.6,71,3.686,0.91,7.9,9.2,0.095,33
-2.8417,122.0114,10,4.2,63,1.942,1.2,4.8,1.9,0.153,12
7.5429,124.7405,35.58,4.6,88,0.955,0.81,7,7.8,0.076,55
0.4103,98.8923,67.16,4.8,163,1.587,1.12,5.4,7.9,0.102,30
-0.0477,123.2075,154.36,4.5,58,1.079,0.99,8.3,6,0.112,23
3.6121,128.0949,133.82,4.6,98,2.913,0.61,9.1,6.9,0.079,48
-8.9692,111.9847,58.3,5.4,31,1.786,1.22,2.9,4.9,0.05,137
5.6301,127.4392,74.06,4.4,107,8.018,0.64,12.4,8.4,0.105,26
-2.7898,122.118,10,5.7,27,1.855,0.86,2.9,1.7,0.049,40
1.8395,126.6395,42.34,4.2,119,1.285,1.21,6.7,10.6,0.166,10
-5.6918,127.9335,371.73,4.2,90,4.042,0.21,11.8,13.8,0.167,10
-6.6673,128.0067,296.97,4.5,44,3.517,0.47,7.2,8.6,0.157,15
-5.0902,102.7086,42.73,4.4,167,0.765,1.12,7.7,7.5,0.115,22
5.2395,126.2318,61.16,4.5,109,1.93,0.77,7.8,6.4,0.104,27
2.7484,127.0503,72.99,4.3,131,1.988,0.6,9.5,9.7,0.129,17
-4.7386,126.6246,40.61,4.3,65,5.318,1.33,5.1,11.1,0.148,13
-5.8305,127.8297,402.95,4.2,92,4.053,0.13,9,17.9,0.199,7
5.7297,127.4769,19.74,4.8,85,2.308,0.72,9,4.1,0.056,99
5.6613,127.5227,10,4.4,124,2.385,0.72,8.9,1.9,0.105,26
5.9038,126.0714,132.3,4.2,137,1.257,0.97,11.9,7.1,0.124,18
0.0309,126.6251,56.43,4.6,72,1.044,0.82,5.6,7.2,0.076,52
6.4545,126.9598,97.31,5,108,1.501,0.59,8.6,7,0.065,76
-1.1104,126.8485,42.44,4.3,70,1.94,1.33,3.7,11.9,0.143,14
-11.5641,118.2093,34.83,4.1,75,4.919,1.44,6.9,3.6,0.14,17
-1.1599,126.8967,36.74,4.9,64,1.975,0.76,6.5,4.6,0.051,122
6.9595,126.3665,10,4.4,177,0.789,0.73,5.8,1.9,0.155,12
-6.0838,125.128,549.48,4.3,41,3.746,0.75,9,12.3,0.122,19
-0.2581,122.9023,100.68,4.2,71,0.789,1.28,6.8,7.4,0.132,16
0.3961,126.6423,34.98,4.2,95,0.814,0.65,8.4,7.7,0.132,16
3.7145,127.3027,71.55,4,154,2.923,1.08,5.7,13.2,0.15,13
-7.5507,128.3057,98.24,4.2,140,5.95,1.4,14.5,8.5,0.132,16
5.2994,124.9569,65.15,4.4,186,1.864,0.59,13.6,10.5,0.073,54
1.6724,127.3009,109.17,4.7,94,4.7,0.56,10.4,5.5,0.072,58
3.5403,99.1827,185.44,4.7,81,14.828,0.73,12.1,6.1,0.063,76
4.1202,126.6109,62.45,4.7,83,3.104,0.97,6.9,7.9,0.06,83
-7.8233,119.0652,23.17,4.1,126,2.872,1.02,9.8,6.8,0.157,11
5.5879,124.7582,38.04,4.4,162,1.683,0.67,7.4,10.6,0.143,14
5.7531,126.1133,108.38,4.4,115,1.411,0.54,7.9,8.3,0.11,24
-8.2874,123.8487,177.68,4.1,211,1.516,0.71,15.1,10.5,0.174,9
0.8502,97.6878,47.82,4.2,203,0.464,0.67,4.1,7.9,0.147,14
-7.8815,116.6363,268.26,4.2,101,2.527,0.91,8.6,16.8,0.216,6
5.3343,126.4248,41.16,4.6,82,1.918,0.87,7.3,6.3,0.055,98
1.9422,99.002,133.48,4.7,45,0.75,0.73,5.6,5.6,0.066,70
-8.3939,117.6714,168.87,4.6,62,3.482,0.86,5.5,7.6,0.103,28
-4.5289,101.2583,36.84,4.8,102,1.7,0.54,8.6,8.1,0.071,61
-5.4837,126.7662,475.66,4.1,48,4.913,0.79,14.1,16.1,0.131,16
3.7465,126.8382,10,4.4,110,3.001,0.72,10.8,1.9,0.099,29
0.4964,126.3293,39.82,4.5,70,1.072,1.02,8,9.7,0.128,18
-7.6724,107.0831,86.27,4.5,53,0.994,1.17,5.9,7,0.108,25
7.4539,126.7851,53.62,4.4,123,1.255,1.18,13.3,7.3,0.117,21
-6.5868,106.5594,121.11,4.6,104,3.881,0.81,9.4,7.1,0.095,33
6.2415,126.8652,118.77,4.6,115,1.519,0.6,9.3,5.7,0.114,23
3.1036,124.719,288.3,4.4,98,3.516,0.69,7.9,8.2,0.079,46
-7.4413,128.3171,162.54,4.5,56,3.003,1.01,9,10.1,0.121,20
3.931,95.8694,49.34,5,144,1.678,0.85,8.2,7.4,0.064,77
2.459,96.8285,25.89,4.5,185,1.368,0.97,7,7.3,0.121,20
6.0438,125.6705,107.12,4.5,116,1.023,0.71,8.9,9.3,0.116,22
-8.1095,108.5368,88.73,4.1,130,1.976,1.38,10.5,8,0.145,13
0.6064,99.539,10,4.8,69,1.526,0.54,6.1,1.9,0.091,37
-8.017,107.8785,62.85,4.3,147,2.621,1.1,13.9,8.8,0.125,18
-4.4073,102.2957,62.1,4.6,83,0.659,0.8,8,7.3,0.066,68
5.4988,124.9165,65.31,4.4,114,1.693,0.82,9.3,9.3,0.112,23
-6.6822,105.1626,66.62,4.6,69,3.185,0.94,8.4,7.5,0.076,51
-5.6564,110.0588,550.24,4.8,29,1.434,0.98,9.1,5.4,0.053,109
-10.3323,118.8513,10,4.6,116,3.741,1.09,4.1,1.9,0.128,18
-9.8718,107.5821,49.18,4.7,164,3.497,0.72,10.5,5.5,0.074,56
5.7968,123.9625,530.74,4.1,71,2.044,0.64,7.4,10.2,0.123,19
-7.5551,128.268,131.93,4.2,130,3.033,1.35,7.5,10.2,0.153,12
-9.5045,111.8514,40.43,4.6,72,2.055,0.88,6.4,7.2,0.067,69
-6.0782,104.1214,53.06,4.2,189,2.063,1.18,7.8,5.8,0.141,14
-9.5684,111.7938,35,4.2,143,2.07,1.16,7.6,2,0.14,14
-1.1398,99.9535,36.3,4,179,1.816,0.68,7.7,11.7,0.197,7
-9.9511,111.3807,46.82,4.2,158,2.195,0.97,13,9.2,0.159,11
5.4928,124.894,31.23,4.4,108,1.708,0.83,5.7,6.2,0.139,15
-10.0952,108.5368,7.5,4.1,158,2.924,1.05,7.8,7.5,0.165,10
0.0259,123.4482,141.29,4.6,53,1.258,0.78,7.1,7.6,0.087,39
-9.539,111.836,40.31,4.8,101,2.072,1.33,8.6,8.1,0.096,33
-8.3685,120.9567,187.86,4.6,46,1.294,1.15,7.6,4.8,0.088,39
5.3892,124.9458,57.14,4.3,130,1.784,0.97,7.9,9.7,0.119,20
0.7951,126.1332,42.15,4.7,71,3.824,0.72,7.8,6.7,0.077,51
0.7853,98.4838,55.73,5,68,1.044,0.71,6.6,5.4,0.054,108
-9.7733,111.7055,10,4.4,158,2.187,0.97,5.5,1.9,0.162,11
-9.8291,114.907,35,4.4,65,1.542,0.91,7,2,0.115,22
1.6222,98.6313,90.98,4.5,109,1.101,0.96,6.4,7.5,0.096,32
-9.379,111.4547,35,4.3,145,1.723,0.44,5.4,2,0.126,18
1.764,127.0635,78.77,4.3,98,1.031,0.76,8.9,8.1,0.116,21
-1.5922,123.9573,41.27,4.1,52,1.305,0.47,7,11.8,0.158,11
5.3222,124.9789,10,4.7,103,1.835,1.37,6.6,1.8,0.064,75
1.3137,125.7193,86.79,4,171,1.732,0.84,7.5,13.8,0.172,9
0.6101,99.5331,10,4.7,74,1.532,0.63,3.4,1.8,0.089,12
5.3816,124.9804,61.46,4.3,101,1.779,0.54,7,9.1,0.102,29
-9.7686,111.6993,10,4.2,147,2.18,1.14,9.2,2,0.176,9
3.5569,128.1485,97.55,4.4,114,2.874,0.89,11.1,8.2,0.079,46
-7.6761,117.0424,308.52,4.2,74,2.968,1.19,8,7.6,0.092,33
-9.6024,111.7727,10,4.9,101,2.084,0.86,8.1,1.8,0.087,41
-8.343,119.7134,184.84,4.1,92,2.513,0.67,9.3,14.2,0.165,10
-9.6529,111.7854,14.29,4.9,120,2.132,1.15,7.9,4.9,0.104,29
9.2447,126.3775,70.19,4.4,137,2.301,0.95,9.5,11,0.148,13
-9.6687,111.8495,10,5.5,39,2.182,0.84,6.9,1.8,0.052,36
1.779,95.3636,28.72,4.1,206,2.26,1.41,7.4,7.2,0.233,5
1.7029,96.862,28.64,4.4,195,0.816,0.57,9.1,7,0.144,14
4.5203,124.665,34.92,4.4,109,2.691,1.33,8.1,7,0.144,14
5.2398,124.8643,10,4.4,156,1.951,1.35,5.7,1.9,0.203,7
5.5043,125.0658,26,6.9,14,1.636,0.99,6.6,1.8,0.044,49
0.5735,126.2001,45.91,4.8,46,1.183,1.04,7.2,7.2,0.072,60
-5.0103,128.1254,333.21,4.4,70,4.608,0.94,10.5,11.6,0.134,16
-2.1441,121.1292,49.33,4.3,76,1.973,0.8,6.2,9.3,0.125,18
-8.9579,122.9912,113.85,4.4,97,0.81,0.96,8.1,8,0.134,16
-8.8121,112.4703,75.48,4.6,115,1.697,1.33,7.8,4.3,0.136,16
-7.2533,126.8221,341.56,4,98,3.544,0.64,9.4,10.1,0.157,11
0.6316,118.2381,10,4.6,54,2.181,1.21,5,0.7,0.095,33
1.4202,128.134,92.25,5,44,1.001,0.52,7.5,4.5,0.052,121
-7.1817,105.3162,35,4.7,154,3.656,0.95,8.9,1.9,0.079,49
-6.0171,105.3705,50.16,5,37,2.914,0.88,4.5,5.7,0.061,85
-2.5759,99.7854,30.79,4.1,204,3.143,0.53,11.3,6.7,0.174,9
5.8866,123.7171,10,4.2,146,2.192,0.63,7.9,2,0.166,10
-0.2364,96.9261,28.86,4.3,209,1.662,1.03,10.9,7.7,0.267,4
-0.1477,96.7511,29.77,4.1,118,1.66,0.44,7.4,6.2,0.151,12
-7.8099,117.2176,278.54,4,115,3.105,0.66,6.2,17.5,0.195,7
-9.4274,123.8772,78.17,4.3,109,0.504,1.28,8.2,5.5,0.2,7
-0.1019,125.1925,39.48,5.3,28,2.341,1.07,6.3,4.5,0.039,226
-4.7509,102.8293,57.17,4.4,178,0.407,0.72,11.5,8.5,0.134,16
-7.7404,108.0192,72.22,5.2,28,2.486,1.24,7.2,4.8,0.053,119
9.2681,126.2879,52.78,5.3,47,2.294,1.09,7.7,4.6,0.037,246
-5.0616,126.8048,405.91,4.1,83,5.298,0.64,9.6,8.8,0.109,23
-6.9872,105.2898,35,4.4,137,4.1,0.91,10.1,1.9,0.1,29
-8.3104,119.7293,184.49,4.3,68,2.502,0.83,6.3,9.2,0.13,17
-9.5625,113.0053,56.99,4.4,125,1.568,0.78,5.9,9.1,0.094,34
4.8937,128.0088,59.13,4.1,182,4.144,0.82,8,10.5,0.112,22
-4.4258,127.1779,347.82,4.1,123,5.277,0.41,11.7,16.6,0.151,12
-8.6564,118.8017,131.24,4.2,72,3.397,1.16,7.8,7.6,0.106,25
-8.8672,118.0507,110.43,4,81,3.874,0.83,8.8,6.9,0.129,16
-2.1582,99.6342,30.19,5.2,29,2.839,0.82,7,3.7,0.052,122
-9.4376,111.8268,46.3,4.3,163,1.989,0.65,11.6,8.7,0.119,20
2.0365,96.282,10,4.3,191,1.483,1.04,8.4,1.8,0.142,14
-8.7386,122.397,137.71,4.3,135,0.187,1.48,6.6,7.4,0.16,11
-1.1621,119.8945,36.68,4.6,87,2.426,0.88,6.5,7.5,0.071,59
4.3096,127.5722,74.78,4.2,143,3.52,0.27,13.3,9.7,0.141,14
5.4535,127.2492,131.98,4.5,94,2.309,0.71,8.8,6.9,0.064,71
-1.9886,102.6106,306.36,4.5,58,2.275,0.92,5,6.5,0.071,58
1.4956,128.2505,87.39,4.9,106,1.139,0.49,8.9,7,0.08,49
8.9398,126.4992,112.37,4.4,163,22.126,0.67,18.6,11.3,0.161,11
-9.5726,111.7592,40.36,4,153,2.052,0.55,6.6,11.5,0.163,10
-7.3822,126.7314,341.17,4.2,71,3.39,1,9.7,5.3,0.236,5
0.8143,127.4021,17.19,4,215,0.055,0.24,12.5,5.8,0.232,5
9.0964,126.4469,41.88,4.6,82,2.189,0.4,9.4,7.2,0.082,45
2.1406,125.7056,133.51,4.3,115,2.146,0.44,7.6,11.8,0.116,21
-7.0583,124.8638,564.99,4.5,46,2.744,0.86,9.5,7.6,0.058,86
-3.3908,127.4054,75.51,4.5,59,4.135,0.68,8,8,0.073,56
-7.2651,112.2316,233.61,4.1,81,1.79,1.13,11,8.2,0.112,22
-8.0312,113.6659,149.41,4,94,0.649,1.22,7.7,7.5,0.119,19
-8.7202,118.8426,111.67,4.2,73,3.357,1.31,8.4,8.4,0.132,16
0.2112,121.3622,132.7,4.1,161,1.065,0.67,8.4,9.1,0.127,17
7.7409,124.7946,10,5,82,1.024,0.57,6.7,1.8,0.053,116
7.5962,124.8034,10,4.4,115,0.93,0.73,7,1.9,0.092,34
4.5955,125.7594,159.17,4.3,107,2.464,0.89,6.7,7.8,0.098,30
-8.1467,123.9328,163.96,4.4,53,1.632,0.83,7.8,7.2,0.092,34
9.0666,126.2599,76.64,4.6,122,2.095,0.78,10.8,8.1,0.073,55
2.5781,125.3848,180.13,4.2,127,2.672,0.6,11,8.1,0.141,14
7.6431,124.8102,10,4.6,89,0.951,0.72,9.1,1.9,0.095,33
7.562,124.6944,10,4.6,86,1.004,0.78,7.6,1.9,0.055,98
5.9267,127.3997,10,4.4,134,2.135,0.96,10,0.6,0.139,15
2.1538,124.1031,322.37,4.2,120,3.442,1.11,8.8,10,0.128,17
5.694,127.375,10,4.6,108,4.889,1.11,4.9,1.9,0.063,75
5.6392,127.3023,10,4.7,73,2.225,0.96,8.2,1.9,0.068,66
5.6931,127.3826,10,4.9,123,2.254,0.8,9,1.6,0.092,37
-2.1079,100.5634,58.77,4.6,182,2.464,0.9,5.8,9.2,0.206,7
5.7278,127.3001,10,5.5,73,2.168,0.87,5.4,1.8,0.068,21
5.7408,127.4109,10,4.6,129,2.248,0.8,7.3,1.9,0.146,14
5.7896,127.2236,17.66,4.4,131,2.07,0.57,6.8,6,0.138,15
5.894,127.2707,10,4.6,118,2.046,0.41,8.8,1.9,0.1,30
7.8334,126.8217,70.18,4.3,128,1.447,0.68,12.3,8.7,0.129,17
5.7697,127.4824,10,4.3,141,2.29,0.52,11.8,1.9,0.177,9
7.7228,124.8623,10,5.5,34,0.962,1.03,6.5,1.7,0.073,18
5.6328,126.1077,118.29,4.3,141,1.521,1.02,9.8,8.6,0.101,28
5.8317,127.4979,10,4.4,102,2.269,0.56,9,1.9,0.102,28
0.2873,126.138,55.26,4.6,49,1.319,0.79,4.3,8.3,0.1,30
5.813,127.416,10,4.8,136,2.211,1.64,7.7,1.9,0.073,58
5.4508,127.299,10,4.4,184,2.347,1.06,10.1,2,0.155,12
7.6836,124.9246,15.73,4.7,87,0.89,0.69,6.3,4.9,0.071,60
5.7328,127.149,10,4.6,81,2.049,0.97,8.7,1.9,0.09,37
5.3576,127.5107,10,4.6,132,2.565,0.64,9,1.9,0.086,40
4.9602,125.8616,87.42,4.3,137,2.114,0.85,9.8,9.2,0.147,13
1.8892,127.5543,123.19,4,168,5.598,0.63,9.2,11.8,0.164,10
7.5002,124.644,10,4.2,90,1.021,0.93,4.7,1.9,0.186,8
7.5122,124.8536,10,4.6,97,0.843,0.97,7,1.9,0.105,27
7.6766,124.8119,8.28,5.8,22,0.97,0.61,5.8,3,0.066,22
5.8687,127.399,10,4.6,118,2.166,0.82,7.7,1.9,0.087,39
5.8848,127.3223,10,4.5,118,2.094,0.63,8.2,1.9,0.096,32
3.6522,126.8464,47.1,4.6,52,2.908,0.94,8,7.5,0.071,59
5.7491,127.2785,10,5.1,78,2.138,0.61,7.5,1.8,0.049,134
5.742,127.3149,9,5.2,29,2.171,0.87,5.8,1.7,0.075,17
5.6698,127.008,10,4.3,130,4.878,0.3,19.1,1.9,0.201,7
5.7712,127.3452,24.94,5,75,2.178,0.76,7.8,5.4,0.054,109
5.8298,127.3038,10,4.5,134,2.11,0.82,13.3,1.9,0.127,18
5.6034,126.9112,10,4.6,133,7.788,1.46,13.8,1.9,0.273,4
5.6871,127.2436,10,4.3,288,56.265,0.44,29.3,2,0.189,8
5.7844,127.2916,10,5,84,2.127,0.91,10.1,1.9,0.075,57
5.7068,127.0949,12,5.7,63,2.025,0.74,8.2,1.7,0.066,22
5.6395,127.359,10,4.5,96,17.511,0.43,10.8,1.9,0.118,24
5.8285,127.4363,10,4.5,136,2.219,0.7,7.8,1.5,0.098,31
-1.7077,127.5708,35,4.1,146,13.931,0.8,12.7,2,0.175,9
5.7548,127.4513,10,4.3,148,2.273,0.82,5,1.9,0.142,14
5.6627,127.2932,10,5.3,29,4.858,1.06,7.5,1.7,0.075,17
5.6212,127.4262,10,4.4,129,2.332,0.75,9.1,1.9,0.13,17
5.649,126.8929,49.06,4.5,82,1.922,0.9,4.4,7.7,0.064,72
5.7974,127.4418,10,4.4,137,2.241,1.14,7.6,1.9,0.169,10
5.6626,127.319,10,5,111,2.223,0.67,5.6,1.8,0.103,9
5.7639,127.3001,10,5,114,2.146,0.96,5.3,1.8,0.056,102
5.5722,127.4624,10,4.5,134,2.391,0.96,9.7,1.9,0.118,21
6.2887,125.5589,103.88,4.3,130,0.776,0.82,10.3,8.6,0.137,15
5.1372,127.9849,10,4.3,192,3.067,0.44,12.5,2,0.216,6
-3.495,127.2236,91.18,4.4,82,4.24,0.54,7.3,7.9,0.112,23
5.7388,127.2427,10,4.5,137,2.117,0.97,9.3,1.9,0.124,19
5.3951,127.319,10,4.6,228,2.399,0.72,13,2,0.182,9
5.645,127.2963,10,4.6,118,2.217,1.36,8.7,1.9,0.09,37
5.96,126.0847,119.68,4.5,134,1.211,0.6,16.1,10.1,0.118,21
-9.6374,111.7197,42.54,4.3,155,2.082,0.66,11.9,10.2,0.147,13
5.7939,127.1085,10,4.6,128,1.979,0.63,8.8,1.9,0.122,20
5.7168,127.2475,10,5.1,75,2.134,0.87,7.5,1.8,0.098,10
5.6754,127.2013,13,5.8,25,2.125,0.95,7.3,1.7,0.059,28
-9.5742,111.7819,40.91,4.9,59,2.067,0.95,7.9,5.9,0.061,86
5.7273,127.1859,10,4.4,140,2.08,0.38,6.9,1.9,0.123,20
5.5806,127.4884,10,4.5,118,2.406,0.5,8.8,1.9,0.113,23
-8.5922,118.3213,132.2,4.2,76,3.828,0.92,5.1,8.3,0.124,18
-9.3571,114.4122,83.9,4.3,94,0.917,1.13,7.1,7.1,0.148,13
5.4531,126.4987,136.05,4.8,76,1.848,0.94,7.3,4.1,0.049,127
-8.1218,112.6216,61.71,3.9,102,1.553,1.16,9.5,11.7,0.195,7
0.3078,122.0982,189.58,4.4,83,1.5,0.78,5,6.4,0.094,35
-9.1344,115.5351,95.69,4.3,46,1.517,1.14,7.3,5.8,0.122,19
-4.4846,125.3248,478.27,4.5,49,4.265,0.8,5.3,7.2,0.075,52
0.5726,126.358,51.14,4.1,110,1.027,0.6,8.6,10.4,0.144,13
0.4803,123.6788,246.42,4.5,71,1.763,0.71,7.5,8.1,0.109,25
-5.6834,106.962,169.66,4,155,3.714,0.26,15.6,6.4,0.156,11
4.6048,123.3775,558.25,4.2,161,4.331,0.6,11.2,9.9,0.112,22
5.2509,126.8627,92.59,4.3,138,2.212,0.75,12.9,9.8,0.116,21
-6.3515,103.6676,36.33,4.5,194,2.101,0.78,10.3,4,0.094,33
3.2787,122.6251,545.23,4.2,95,2.833,0.62,14,9.1,0.121,19
6.4285,123.2686,621.7,4.2,76,4.906,0.51,15.5,5.8,0.136,15
0.4789,126.7437,10,4.5,57,0.687,0.39,6.8,1.9,0.103,28
5.5249,127.062,10,4.5,130,2.128,0.64,9.7,1.9,0.121,20
-3.0394,101.5421,57.16,5.3,26,1.926,0.95,7,4.5,0.045,163
0.4105,99.7847,140.91,4,99,1.257,1.16,9.5,10.5,0.211,6
5.3389,124.0024,500,4.1,111,5.288,0.75,13.7,9,0.123,18
6.811,125.7883,124.69,4.3,141,0.33,0.95,13.2,7,0.148,13
-9.1572,123.9163,125.81,4.4,118,0.687,0.71,10.4,9.2,0.143,14
-4.5728,125.8261,431.99,4.1,67,4.648,0.7,13.1,17.7,0.198,7
6.1185,126.2718,128.02,4.5,86,1.168,0.8,5.7,7.8,0.127,18
4.4635,125.0417,108.18,4,124,2.643,0.99,10.3,14.7,0.164,10
0.3086,120.5802,94,5.5,17,0.822,1.1,6.4,1.8,0.05,38
1.8312,127.4227,136.55,4.1,129,1.053,0.89,11.5,3.9,0.135,15
-4.4069,102.1101,44.58,4.8,99,0.844,0.76,6.7,6.1,0.077,52
3.6093,126.7639,10,4.2,101,6.471,0.86,5,1.9,0.125,18
-4.3584,102.3654,57.83,5,91,0.588,0.63,7,6,0.082,47
-6.1311,127.9772,388.84,4.2,65,3.775,0.37,8,11.9,0.166,10
-2.1247,128.0422,10,4.9,39,2.955,1.44,6.7,1.2,0.101,81
0.0513,123.3717,137.95,5,32,1.24,0.97,7.3,4.8,0.045,157
2.7872,125.9815,111.88,5.2,30,2.434,0.75,6.7,4.5,0.089,12
1.7286,127.1925,93.99,4.3,154,0.966,0.68,8.3,7.5,0.142,14
1.1437,121.4417,511.38,4,74,0.66,0.72,12.9,9.9,0.099,27
8.1478,126.0977,10,4.6,56,1.188,0.67,7.1,1.9,0.067,67
4.9856,126.9469,57.54,4.4,112,2.477,1.03,10,8.6,0.12,20
4.8682,126.8312,69.73,4.7,119,2.516,1.12,10,8.8,0.106,27
0.6114,98.4164,52.48,5.1,67,1.086,0.56,6.3,6,0.061,86
6.1143,125.9537,131.74,4.5,94,1.019,1.08,9,7.3,0.094,33
2.6788,125.8866,86.17,4.7,97,2.403,1.34,6.7,6.1,0.056,98
-6.0928,106.8915,195,4,130,21.844,0.36,18.1,4.6,0.183,8
3.3323,122.5185,548.78,4.3,97,2.807,0.48,7.7,10.4,0.119,20
4.9334,118.7791,33.96,4.6,108,0.37,0.66,8.7,5.3,0.095,33
-7.9061,107.7809,25.87,4.5,194,2.716,0.61,11.7,6.8,0.18,9
-3.8569,127.3094,38.36,4.1,138,5.018,1.37,9.1,15.1,0.197,7
-6.6568,127.5706,410.85,4.1,48,3.925,0.79,11.8,5.9,0.114,21
4.999,125.056,65.27,4.2,114,4.791,0.48,11.7,10.6,0.152,12
-7.5554,128.0981,164.74,4.6,98,3.199,0.93,8.8,7.7,0.082,44
-7.9568,108.0128,73.62,4.7,119,2.487,1.22,8.8,6.1,0.086,41
-5.8988,127.853,394.45,4,105,5.224,0.47,13,15.7,0.173,9
0.6983,120.4343,37.21,4,133,0.537,0.83,4.1,11.2,0.15,12
0.4594,98.3895,56.71,4.1,194,1.168,1.06,6.4,13.4,0.303,3
1.0824,126.3374,10,4.3,83,1.074,0.62,6,1.9,0.129,17
-9.5793,123.7992,73.98,4.3,102,0.493,0.99,8.1,6.3,0.147,13
-8.3858,115.3706,115.2,4,98,1.208,0.87,6,8,0.149,12
-8.4915,115.3233,111.71,5.6,17,1.158,1.11,6.9,3,0.066,22
2.3956,98.9117,142.73,4.3,77,0.296,0.55,6.6,4.1,0.092,33
0.7221,123.694,271.48,4.3,81,1.98,1.04,4.2,7.8,0.094,32
-8.3231,117.5366,31.35,4,87,3.351,0.59,6,8.4,0.173,9
0.1215,123.2267,159.6,4.3,52,1.241,0.99,7.4,4.2,0.105,26
3.1401,127.0692,62.72,4.6,69,2.371,0.88,11.1,8.9,0.089,38
-6.0389,104.366,54.71,5.3,69,2.18,1.45,8.6,4.2,0.057,102
2.4713,127.0198,13.73,4.3,174,1.723,0.52,11.1,4.6,0.129,17
-7.6145,128.1917,105.18,5,38,3.1,0.9,7.5,5,0.067,72
-10.653,123.5142,35,4.2,108,1.159,0.72,7.2,2,0.175,9
2.2182,127.5171,74.5,4.4,113,1.444,0.97,11.3,9.7,0.098,30
-2.0961,100.5341,78.62,4.2,150,2.458,0.68,7.3,8.8,0.167,10
1.5742,126.8252,73.93,4.3,101,0.963,0.62,7.5,7,0.113,22
-7.0123,125.023,565.22,4.4,40,2.826,0.63,10.9,9.6,0.069,60
-7.9478,107.9551,77.93,4.8,62,2.544,1.06,6,5.8,0.07,62
1.8376,99.0438,143.64,4.6,78,0.858,0.73,5.7,6.7,0.116,22
3.2783,98.4474,10,4.8,62,0.75,1.15,4.6,1.7,0.074,56
-10.7723,115.1546,10,4.5,117,2.492,1.11,8.1,1.9,0.102,28
7.5539,124.67,10,4.4,89,1.022,0.77,7.6,1.9,0.11,24
2.9331,128.0918,153.54,4.7,56,2.265,0.7,8.9,6.4,0.056,96
-5.9777,102.9424,10,4.5,82,1.606,0.93,6.8,1.8,0.18,9
1.5872,126.5759,48,4.3,73,1.131,0.75,7,7.8,0.088,40
-8.5413,121.1462,195.74,4.5,57,1.083,1.26,4.2,6.3,0.099,34
1.013,126.2331,55.58,5.1,68,1.158,0.97,7.3,3,0.081,49
-11.539,114.5737,10,5.5,46,3.077,1.43,8.6,1.7,0.068,21
5.0623,127.7352,83.17,4.9,56,2.928,0.72,6.2,8.2,0.07,64
0.0914,123.6454,130.42,4.2,61,1.424,1.31,8.6,10.3,0.121,19
-9.2316,109.9965,55.72,4.2,124,1.41,0.96,5.9,6.5,0.118,20
-7.8071,108.0002,78.6,4.6,62,2.501,0.61,4,6.9,0.079,48
1.7629,127.0327,62.64,5.1,44,1.039,0.69,2.9,5.6,0.056,102
-8.0812,122.6634,207.12,4,49,0.693,1.07,9.4,5.9,0.113,23
-6.2109,103.2388,20.65,4.3,205,1.859,0.67,10.9,5.6,0.178,9
3.6425,95.8593,44.85,5.2,48,1.913,1.03,7.1,4,0.098,10
-2.7071,126.1546,35,4.3,49,3.661,1.29,6.4,2,0.125,18
-2.3503,127.9912,46.2,4.6,66,3.163,1.04,7.5,8.7,0.114,23
0.6515,121.1465,75.46,5.4,22,0.584,1.17,6.6,4.2,0.089,12
-5.6225,110.1835,545.67,5.1,34,1.44,0.93,8.4,4.6,0.048,142
-7.7564,106.5851,51.37,4.9,83,3.887,0.75,3.6,7.5,0.099,32
-8.4529,113.5288,116.39,4,138,0.616,0.69,11.1,5.2,0.144,13
2.2624,127.1698,70.76,4.3,162,1.493,0.44,10.5,11.5,0.143,14
1.9578,98.9865,140.51,4.5,98,0.733,0.64,6.8,6.1,0.094,33
-4.6695,102.5798,53.84,4.6,96,0.484,0.66,7.1,3.7,0.079,48
-7.2234,105.2828,45.97,4.9,177,3.667,0.57,5.3,9.6,0.088,40
-6.5806,105.1463,75.9,4.7,90,3.101,0.84,8.5,3,0.072,58
-7.458,126.849,286.07,4.2,47,3.424,0.93,8.7,8.4,0.093,33
6.6751,126.0492,57.88,4.3,176,0.609,1.05,11.2,12,0.126,18
4.0677,126.2476,52.77,4.5,112,3.055,0.76,6.4,8,0.094,33
-0.871,122.3032,41,4.3,86,0.498,1.16,7,11.7,0.143,14
-6.2615,102.1873,10,5.5,24,2.037,0.74,7.1,1.7,0.073,18
0.7872,123.8571,269.31,4.5,57,2.116,0.66,8,7,0.054,99
-7.1371,106.8961,61.55,4.3,125,3.518,0.98,11.2,6.6,0.16,11
1.2018,126.5351,39.63,4.6,88,0.934,0.87,7,7.7,0.081,45
5.6359,124,529.29,4.6,75,2.119,0.66,10.5,8.1,0.05,118
-7.0589,125.9342,490.06,4.2,43,3.146,1.09,10,9.2,0.092,34
5.5189,127.0097,110.98,4.7,139,2.096,0.58,6.1,8,0.093,35
-2.9122,100.9556,48.54,4.4,111,2.46,0.56,9.6,8.9,0.149,13
0.9024,126.8795,30.93,4.1,104,0.504,1.09,7.7,8.4,0.185,8
-6.1179,113.0763,584.16,4.6,18,2.569,1.12,9.8,6.1,0.055,98
2.971,95.6626,28.36,4,215,2.529,0.16,12.1,9.5,0.196,7
-7.6691,127.5938,167.22,4.5,50,3.684,0.89,8,8,0.113,23
2.121,121.685,10,4.9,108,1.349,0.93,4.2,1.9,0.081,48
1.7974,126.573,37.43,4.9,102,1.291,0.87,6.3,7,0.06,87
-1.3196,127.5752,32.33,5,45,2.087,1,6,4.8,0.056,103
-6.9992,125.4333,497.92,4.2,68,2.971,0.77,8.4,12.9,0.166,10
-9.1684,118.7517,89.71,4.3,135,4.598,0.29,9.4,12.3,0.237,5
4.4056,96.5544,35.1,4.5,64,0.906,0.83,7,8.3,0.102,28
1.3675,126.4444,44.25,4.5,89,1.095,1.15,8.2,8.1,0.136,19
5.1164,126.8711,88.15,4.5,137,4.344,0.89,10.9,6.7,0.108,25
1.3899,126.5877,52.51,4.8,56,0.991,0.99,7.2,6.7,0.07,62
-9.1545,113.3399,57.47,4.2,152,1.052,0.72,8.3,8.5,0.128,17
-2.2827,100.8807,58.57,4.1,182,2.596,0.95,11,10.4,0.198,7
1.7651,99.4345,164.73,4.5,76,1.054,0.87,7.6,7.3,0.113,23
2.3226,95.328,28.51,4.8,175,2.463,0.85,8.8,6.5,0.111,25
5.9791,125.9141,66.98,4.5,124,1.133,1.12,8.9,9.1,0.121,20
3.2937,126.8642,73.42,4.9,108,2.554,0.7,7.2,7.1,0.066,73
-4.2072,102.0171,42.72,5.4,55,0.948,1.25,7.1,4.6,0.051,132
1.2504,122.4328,42.15,4.9,84,1.656,0.94,7,7.1,0.096,34
-1.1248,126.9045,17.44,4.8,65,8.119,0.74,7.8,4.2,0.071,62
5.2775,96.4632,27.79,4.3,136,0.484,1.04,8.7,4,0.138,15
0.2163,122.1992,180.16,4.2,136,1.374,0.66,11,5.3,0.147,13
6.0571,126.7708,79.72,4.2,115,1.553,0.98,4.7,8.6,0.112,23
4.7036,96.9622,174.81,5,110,0.522,0.7,8.2,7.1,0.059,90
7.2709,125.5687,15.5,4.2,171,0.2,0.32,11.1,6.6,0.159,11
-3.838,102.9159,81.24,4.2,137,0.52,0.47,11.3,10.4,0.147,13
6.1114,124.964,43.73,4.5,51,1.131,0.91,7.2,6.2,0.145,14
7.0657,125.5863,11.86,4.7,55,0.008,0.77,9.9,5,0.093,35
7.6927,121.5886,34.13,4.4,128,3.959,0.55,11.1,5.6,0.13,17
1.2201,99.0931,112.75,4,128,1.473,0.69,6.8,9.4,0.13,16
4.7669,127.5889,64.63,5.1,106,3.038,0.97,4.8,5.5,0.049,132
1.9901,125.7651,34.27,4.2,103,2.007,0.78,7,6.4,0.136,15
-4.8705,104.6152,138.64,4.3,130,1.73,0.87,8,7.9,0.129,17
3.8932,95.1135,35,4.5,264,2.258,0.79,10.2,2,0.243,5
5.7758,126.3809,10,4.2,158,1.512,0.82,7,1.7,0.152,12
1.5912,126.4098,65.52,4.4,66,1.256,1.43,7,8.8,0.123,19
-8.2064,118.5449,13.14,4.1,71,3.39,0.7,8,4.1,0.185,8
-6.9222,125.7839,524.25,4.3,55,3.19,0.66,10.7,7.2,0.093,33
2.3937,95.2982,17.34,5,54,2.52,0.81,8,3.5,0.068,70
-10.6527,115.8822,41.07,4.7,109,2.759,0.86,8.3,6.8,0.079,49
-8.259,120.01,184.55,4.4,61,2.235,0.75,7.8,6.3,0.143,14
-7.8406,107.9434,67.97,4.7,48,2.556,0.98,8.6,6.9,0.079,49
5.8055,123.9628,539.84,4.4,71,2.039,0.66,8.2,6.8,0.054,101
-6.4023,104.6528,45.93,5.1,82,2.639,0.81,6.7,5.9,0.067,72
-9.1225,116.603,38.16,4.1,46,2.507,1.21,9.1,9.1,0.14,14
1.728,126.4126,52.71,4.1,106,1.346,1.13,8.7,5.1,0.185,8
3.9854,126.8171,41.15,4.5,136,3.239,0.38,9.9,8.7,0.14,15
3.7996,126.9032,10,4.2,163,3.505,0.91,6.5,2,0.186,8
3.8032,126.7453,66.27,4.8,64,3.074,0.75,5.5,7.6,0.072,59
-8.1244,118.5552,10,4.4,79,3.31,0.95,6.3,1.9,0.143,15
-1.3316,97.4907,31.76,4.4,183,2.619,1.18,11.7,6.8,0.155,12
4.573,96.5459,41.74,4.6,92,0.764,0.91,7.3,8.3,0.096,32
3.869,126.8793,35.42,4.4,115,3.114,0.5,4.5,10.6,0.127,18
2.3655,128.2821,83.34,4.1,259,1.828,0.81,14.1,17.3,0.175,9
1.7165,127.0032,93.82,4.7,106,1.006,0.98,9.2,7.5,0.104,28
3.8387,126.6852,39.93,4.5,150,3.121,0.47,5.4,11.6,0.132,17
6.9502,125.4062,24.77,4.5,106,0.208,1.01,14.6,7.5,0.136,16
2.2795,126.2455,50.44,4.2,157,1.87,0.74,5.5,9.3,0.115,21
2.9016,126.5905,68.53,4.2,102,2.253,0.85,9.8,8,0.128,17
5.2456,96.1497,10,5,41,0.794,1.51,6.4,1.7,0.063,82
5.2964,96.066,13,5.4,35,0.88,1.29,5.3,1.7,0.061,26
-7.5161,107.3878,77.33,5,40,3.063,1.21,8.5,4.6,0.057,99
0.4888,99.7436,153.29,4.5,135,1.306,0.86,7,7.9,0.104,27
3.9156,126.8062,44.56,5,107,3.172,0.79,4.5,7,0.064,79
3.7015,126.7587,75.01,4.9,60,2.972,1.24,8.2,7.6,0.069,66
-8.6334,120.3889,134.32,4.1,80,1.828,0.73,9.1,8.7,0.117,20
2.0318,125.1945,10,4.1,105,2.506,0.82,9.4,1.7,0.174,9
2.312,124.9555,216.31,4.4,126,2.854,0.74,7.8,10.2,0.115,22
3.3452,98.5146,8.12,4.9,49,0.765,0.84,5.2,4,0.06,87
3.3567,98.5166,11.16,4.7,56,0.773,1.11,5.3,3.2,0.071,61
-7.529,108.383,101.06,4.8,45,2.096,1.36,6.2,4.7,0.069,66
2.0345,127.2738,10,4.2,157,1.257,0.77,10.9,1.9,0.128,17
3.2861,98.2171,10,4.4,129,0.918,0.94,3.9,1.9,0.156,12
3.343,125.596,160.46,4.3,109,3.107,0.62,8.4,9.2,0.133,16
-8.1053,117.6496,212.26,5.2,51,3.48,1,6.5,4.8,0.059,96
-2.5256,127.6073,42.03,4.4,85,3.284,0.67,8,7.4,0.105,26
4.033,124.3812,346.28,4.4,82,4.403,0.89,10.1,9.3,0.103,27
-9.2988,112.1499,35,4.9,91,2.117,0.93,8,1.8,0.086,42
-0.0713,124.4211,81.98,4,89,1.91,0.88,6.6,10.5,0.164,10
-9.3531,115.7353,60.51,4.6,46,1.793,1.03,6.8,3.2,0.077,50
-4.8441,102.9054,63.91,4.6,93,0.483,0.61,4,6.2,0.086,40
-6.5152,104.2619,40.01,4.6,151,2.504,0.8,10.8,8.6,0.103,28
9.0583,126.4025,50.11,4.9,96,2.137,0.6,8.2,6.8,0.056,100
-2.5379,99.4686,35.24,4.4,196,3.923,1.02,7.5,9.8,0.17,10
6.908,125.4222,16.19,4.6,99,0.223,0.5,7,5.7,0.133,17
7.0965,124.2461,52.68,4.4,110,1.323,0.32,9.9,11.1,0.189,8
1.5944,127.4503,139.75,4.7,92,0.821,0.53,8.3,6.5,0.08,47
-0.185,123.0199,81.13,5,20,0.886,0.86,5.6,4.6,,
2.4949,123.0392,467.84,4.5,102,2.642,0.76,11.8,12.1,0.131,17
7.3843,126.5679,86.94,4.6,110,1.029,0.98,8.9,6.3,0.105,27
-8.1112,123.955,180.35,4.2,105,1.662,1.13,8.3,6.9,0.152,12
-9.697,111.9895,35,4.3,172,2.29,0.77,8.8,2,0.188,8
1.2287,128.0302,106.06,4.3,137,0.803,0.84,12,11.1,0.147,13
3.2843,98.5275,42.47,4.4,115,0.707,0.93,7.1,9.6,0.127,18
3.3033,98.4167,11.85,4.5,80,0.789,1.08,5.7,4.6,0.093,35
-11.7622,117.6019,10,4.3,56,4.715,1.33,8.4,1.9,0.137,15
-8.6689,118.3182,148.27,4.3,77,3.875,1.15,7.2,4.8,0.16,11
0.4282,123.9121,202.77,4.4,64,1.852,0.91,9.1,6.5,0.112,23
0.0782,126.1915,30.41,4.7,57,1.362,0.53,7.1,6.1,0.085,42
2.1061,128.0736,222.99,4.4,173,6.154,0.44,12.2,11.8,0.179,9
-7.5557,106.9498,74.88,5,64,0.982,1.32,6.9,5.3,0.071,63
-8.4287,113.1306,140.72,5.2,49,1.011,1.2,6.6,4.8,0.056,106
-9.7091,107.1985,40.53,4.6,102,3.739,0.76,9.9,9.3,0.128,18
-9.5538,109.9366,51.56,4.4,159,1.73,0.8,10.5,7.4,0.202,7
-6.705,117.3939,559.6,4,103,3.661,0.75,12.3,9.9,0.196,7
2.2854,126.4948,54.03,4.4,95,1.737,0.47,8.2,6.4,0.143,14
1.0368,123.8324,232.37,4.8,93,2.321,0.97,8.9,7.8,0.086,42
-1.4386,126.5789,22.79,4.1,113,2.332,0.66,8.2,2.2,0.145,13
1.7616,126.0825,57.68,4.3,117,1.617,1.42,12.1,8.9,0.142,14
6.7542,127.0796,74.34,4.2,127,1.522,0.71,11.2,9.5,0.159,11
0.2861,121.9483,195.54,4.6,136,1.425,0.7,6.6,9.8,0.112,24
0.0212,123.6233,100.42,4,93,1.356,0.34,9.6,12.1,0.173,9
5.7475,124.7237,53.85,4.8,73,1.564,0.68,6.7,7.3,0.051,118
-9.0096,106.0735,37.1,4.2,76,4.534,0.69,9.5,4.5,0.167,10
-6.5515,128.1051,318.03,4.4,85,3.472,0.5,6.8,7.5,0.107,25
1.3649,97.1491,25.5,4.2,214,0.43,0.88,10.5,8.7,0.166,10
2.2514,126.9574,47.42,4.3,113,1.525,0.68,9.9,7.9,0.107,25
-11.1391,116.2387,32.76,4.3,121,3.355,1.25,7.7,6.1,0.154,12
-2.8106,102.2034,164.67,4.3,102,1.713,0.64,5.8,7.7,0.101,28
-8.4613,121.6951,181.63,4.5,76,0.563,1.25,8,5.9,0.131,17
-8.1306,119.6653,168.28,5.1,50,2.594,1.19,7.1,4.4,0.06,88
