bedrooms,bathrooms,sqft_living,sqft_lot,floors,waterfront,view,condition,grade,sqft_above,sqft_basement,yr_built,yr_renovated,zipcode,lat,long,sqft_living15,price
3,1,1180,5650,1,0,0,3,7,1180,0,1955,0,98178,47.5112,-122.257,1340,22.19
3,2.25,2570,7242,2,0,0,3,7,2170,400,1951,1991,98125,47.721,-122.319,1690,53.8
2,1,770,10000,1,0,0,3,6,770,0,1933,0,98028,47.7379,-122.233,2720,18
4,3,1960,5000,1,0,0,5,7,1050,910,1965,0,98136,47.5208,-122.393,1360,60.4
3,2,1680,8080,1,0,0,3,8,1680,0,1987,0,98074,47.6168,-122.045,1800,51
4,4.5,5420,101930,1,0,0,3,11,3890,1530,2001,0,98053,47.6561,-122.005,4760,123
3,2.25,1715,6819,2,0,0,3,7,1715,0,1995,0,98003,47.3097,-122.327,2238,25.75
3,1.5,1060,9711,1,0,0,3,7,1060,0,1963,0,98198,47.4095,-122.315,1650,29.185
3,1,1780,7470,1,0,0,3,7,1050,730,1960,0,98146,47.5123,-122.337,1780,22.95
3,2.5,1890,6560,2,0,0,3,7,1890,0,2003,0,98038,47.3684,-122.031,2390,32.3
3,2.5,3560,9796,1,0,0,3,8,1860,1700,1965,0,98007,47.6007,-122.145,2210,66.25
2,1,1160,6000,1,0,0,4,7,860,300,1942,0,98115,47.69,-122.292,1330,46.8
3,1,1430,19901,1.5,0,0,4,7,1430,0,1927,0,98028,47.7558,-122.229,1780,31
3,1.75,1370,9680,1,0,0,4,7,1370,0,1977,0,98074,47.6127,-122.045,1370,40
5,2,1810,4850,1.5,0,0,3,7,1810,0,1900,0,98107,47.67,-122.394,1360,53
4,3,2950,5000,2,0,3,3,9,1980,970,1979,0,98126,47.5714,-122.375,2140,65
3,2,1890,14040,2,0,0,3,7,1890,0,1994,0,98019,47.7277,-121.962,1890,39.5
4,1,1600,4300,1.5,0,0,4,7,1600,0,1916,0,98103,47.6648,-122.343,1610,48.5
2,1,1200,9850,1,0,0,4,7,1200,0,1921,0,98002,47.3089,-122.21,1060,18.9
3,1,1250,9774,1,0,0,4,7,1250,0,1969,0,98003,47.3343,-122.306,1280,23
4,1.75,1620,4980,1,0,0,4,7,860,760,1947,0,98133,47.7025,-122.341,1400,38.5
3,2.75,3050,44867,1,0,4,3,9,2330,720,1968,0,98040,47.5316,-122.233,4110,200
5,2.5,2270,6300,2,0,0,3,8,2270,0,1995,0,98092,47.3266,-122.169,2240,28.5
2,1.5,1070,9643,1,0,0,3,7,1070,0,1985,0,98030,47.3533,-122.166,1220,25.27
3,2.25,2450,6500,2,0,0,4,8,2450,0,1985,0,98030,47.3739,-122.172,2200,32.9
3,2,1710,4697,1.5,0,0,5,6,1710,0,1941,0,98002,47.3048,-122.218,1030,23.3
3,1.75,2450,2691,2,0,0,3,8,1750,700,1915,0,98119,47.6386,-122.36,1760,93.7
3,1,1400,1581,1.5,0,0,5,8,1400,0,1909,0,98112,47.6221,-122.314,1860,66.7
3,1.75,1520,6380,1,0,0,3,7,790,730,1948,0,98115,47.695,-122.304,1520,43.8
4,2.5,2570,7173,2,0,0,3,8,2570,0,2005,0,98052,47.7073,-122.11,2630,71.9
3,2.5,2320,3980,2,0,0,3,8,2320,0,2003,0,98027,47.5391,-122.07,2580,58.05
2,1.5,1190,1265,3,0,0,3,7,1190,0,2005,0,98133,47.7274,-122.357,1390,28
4,1.75,2330,5000,1.5,0,0,4,7,1510,820,1929,0,98117,47.6823,-122.368,1460,68.75
3,1,1090,3000,1.5,0,0,4,8,1090,0,1929,0,98117,47.6889,-122.375,1570,53.5
4,2.75,2060,6659,1,0,0,3,7,1280,780,1981,0,98058,47.4276,-122.157,2020,32.25
3,2.5,2300,3060,1.5,0,0,3,8,1510,790,1930,2002,98115,47.6827,-122.31,1590,69.6
4,1,1660,34848,1,0,0,1,5,930,730,1933,0,98052,47.6621,-122.132,2160,55
4,2,2360,6000,2,0,0,4,8,2360,0,1904,0,98107,47.6702,-122.362,1730,64
4,1,1220,8075,1,0,0,2,7,890,330,1969,0,98001,47.3341,-122.282,1290,24
4,2.5,2620,7553,2,0,0,3,8,2620,0,1996,0,98056,47.5301,-122.18,2620,60.5
4,2.5,2570,5520,2,0,0,3,9,2570,0,2000,0,98074,47.6145,-122.027,2470,62.5
4,2.25,4220,24186,1,0,0,3,8,2600,1620,1984,0,98166,47.445,-122.347,2410,77.5
5,2.75,3595,5639,2,0,0,3,9,3595,0,2014,0,98053,47.6848,-122.016,3625,86.199
3,1,1570,2280,2,0,0,3,7,1570,0,1922,0,98119,47.6413,-122.364,1580,68.5
3,1,1280,9656,1,0,0,4,6,920,360,1959,0,98058,47.4485,-122.175,1340,30.9
3,2.5,3160,13603,2,0,0,3,8,3160,0,2003,0,98019,47.7443,-121.977,3050,48.8
3,1,990,8528,1,0,0,3,6,990,0,1966,0,98023,47.3066,-122.371,1228,21.049
4,2.5,2290,13416,2,0,0,4,9,2290,0,1981,0,98007,47.6194,-122.151,2680,78.5
3,1.75,1250,5963,1,0,0,4,7,1250,0,1953,0,98115,47.6796,-122.301,970,45
3,2.5,2753,65005,1,1,2,5,9,2165,588,1953,0,98070,47.4041,-122.451,2680,135
3,1,1190,9199,1,0,0,3,7,1190,0,1955,0,98148,47.4258,-122.322,1190,22.8
5,2.5,3150,9134,1,0,0,4,8,1640,1510,1966,0,98056,47.4934,-122.189,1990,34.5
3,1.75,1410,4080,1,0,0,4,7,1000,410,1950,0,98117,47.6808,-122.384,1410,60
2,1.75,1980,8550,1,0,0,3,7,990,990,1981,0,98117,47.6989,-122.369,1480,58.5
5,2.25,2730,6000,1.5,0,0,3,8,2130,600,1927,0,98105,47.6571,-122.281,2730,92
4,2.5,2830,5000,2,0,0,3,9,2830,0,1995,0,98105,47.6597,-122.29,1950,88.5
4,2.5,2250,4495,2,0,0,3,7,2250,0,2008,0,98042,47.3663,-122.114,2250,29.25
3,2.5,2420,4750,2,0,0,3,8,2420,0,2003,0,98042,47.3663,-122.122,2690,30.1
5,3.25,3250,14342,2,0,4,4,8,3250,0,1968,0,98008,47.588,-122.116,2960,95.1
4,3,1850,9976,2,0,0,3,8,1850,0,1991,0,98059,47.5059,-122.149,2270,43
3,2.25,2150,21235,1,0,3,4,8,1590,560,1959,0,98166,47.4336,-122.339,2570,65
3,1.75,1260,8400,1,0,0,3,7,1260,0,1954,0,98148,47.4366,-122.335,1290,28.9
3,1.75,2519,8690,2,0,0,5,8,2519,0,1973,0,98166,47.4428,-122.344,2500,50.5
3,1.75,1540,1044,3,0,0,3,8,1540,0,2014,0,98115,47.6765,-122.32,1580,54.9
3,2.25,1660,6000,1,0,0,3,7,1110,550,1979,0,98122,47.6113,-122.297,1440,42.5
3,2.75,2770,3809,1.5,0,0,5,7,1770,1000,1925,0,98144,47.5747,-122.304,1440,31.7625
4,2.5,2720,11049,2,0,0,3,10,2720,0,1989,0,98004,47.5815,-122.192,2750,97.5
4,2.5,2240,4648,2,0,0,3,7,2240,0,2005,0,98001,47.3378,-122.257,2221,28.7
3,1,1000,12070,1,0,0,4,7,1000,0,1968,0,98042,47.3621,-122.11,1010,20.4
5,2.25,3200,20158,1,0,0,3,8,1600,1600,1965,0,98004,47.6303,-122.215,3390,133
5,3.25,4770,50094,1,0,0,4,11,3070,1700,1973,0,98005,47.6525,-122.16,3530,104
3,2,1260,5612,1,0,0,4,7,1260,0,1972,0,98034,47.7362,-122.179,1640,32.5
4,2,2750,7807,1.5,0,0,5,7,2250,500,1916,0,98125,47.7168,-122.287,1510,57.1
4,2.5,2380,5000,2,0,0,3,8,2380,0,2005,0,98038,47.3608,-122.036,2420,36
3,1.75,1790,50529,1,0,0,5,7,1090,700,1965,0,98042,47.3511,-122.073,1940,34.9
4,4,3430,35102,2,0,0,4,10,2390,1040,1986,0,98075,47.5822,-121.987,3240,83.25
4,1.75,1760,7300,1,0,0,3,7,880,880,1956,0,98008,47.6034,-122.125,1680,38
3,1,1040,5060,1,0,0,3,7,1040,0,1941,0,98116,47.5636,-122.394,890,48
3,1,1410,5060,1,0,0,4,7,910,500,1956,0,98133,47.7073,-122.34,1130,41
4,2.5,3450,39683,2,0,0,3,10,3450,0,2002,0,98010,47.342,-122.025,3350,72
3,2.5,2350,5100,2,0,0,3,8,2350,0,2003,0,98038,47.3512,-122.008,2350,39
4,2.5,1900,5889,2,0,0,3,7,1900,0,1992,0,98038,47.349,-122.031,1870,36
2,1,2020,6720,1,0,0,3,7,1010,1010,1948,0,98118,47.5474,-122.291,1720,35.5
3,1.5,1680,8712,1,0,0,3,8,1680,0,1964,0,98059,47.4811,-122.149,1850,35.6
3,1,960,6634,1,0,0,3,6,960,0,1952,0,98125,47.7264,-122.31,1570,31.5
3,1.5,2140,3600,2,0,0,3,9,1900,240,1925,0,98119,47.6337,-122.365,2020,94
5,2.25,2660,8400,1.5,0,0,5,7,2660,0,1961,0,98092,47.2909,-122.189,1590,30.5
3,3.25,2770,6278,2,0,0,3,9,1980,790,2006,0,98056,47.5228,-122.199,1900,46.1
2,2.25,1610,2040,2,0,0,4,7,1610,0,1979,0,98056,47.518,-122.194,1950,21.5
2,1.75,1030,1066,2,0,0,3,7,765,265,2006,0,98136,47.5394,-122.387,1030,33.5
4,2.5,1980,7403,2,0,0,3,7,1980,0,1988,0,98023,47.2897,-122.372,1980,24.35
5,2.75,3520,6353,2,0,0,4,10,3520,0,2001,0,98199,47.6506,-122.391,2520,110
3,1,1200,10500,1,0,0,3,7,1200,0,1962,0,98023,47.322,-122.351,1350,15.3
3,1.5,1580,5000,1,0,0,3,8,1290,290,1939,0,98117,47.687,-122.386,1570,43
3,1.5,1580,5000,1,0,0,3,8,1290,290,1939,0,98117,47.687,-122.386,1570,70
4,2.5,3300,10250,1,0,0,3,7,2390,910,1946,1991,98040,47.5873,-122.249,1950,90.5
3,1.75,1960,15681,1,0,0,3,7,1960,0,1967,0,98032,47.3576,-122.277,1750,24.75
4,1.5,1160,6400,1,0,0,4,7,1160,0,1975,0,98023,47.3036,-122.378,1160,19.9
3,1.75,1810,41800,1,0,0,5,7,1210,600,1980,0,98038,47.4109,-121.958,1650,31.4
3,2.5,2320,36847,2,0,2,3,9,2320,0,1992,0,98045,47.4838,-121.714,2550,43.75
3,2.5,2070,13241,1.5,0,0,5,9,1270,800,1910,0,98102,47.6415,-122.315,2200,85.083
3,2,1980,3478,1.5,0,0,4,7,1440,540,1929,0,98117,47.6775,-122.372,1610,55.5
3,2.25,2190,107593,2,0,0,4,8,2190,0,1983,0,98077,47.7731,-122.08,2570,69.995
3,2.5,2920,8113,2,0,0,3,8,2920,0,1950,2010,98004,47.5814,-122.196,2370,109
3,1,1210,33919,1,0,0,3,7,1210,0,1954,0,98058,47.4375,-122.184,1640,29
3,2.5,2340,10005,1,0,0,4,8,1460,880,1978,0,98058,47.4431,-122.133,2250,37.5
3,1,1670,4005,1.5,0,0,4,7,1170,500,1939,0,98117,47.6878,-122.38,1240,46
2,1.75,1240,2493,1,0,0,4,8,1240,0,1985,0,98198,47.3813,-122.322,1270,18.85
4,2.5,3140,28037,2,0,0,4,10,3140,0,1991,0,98077,47.7304,-122.082,2990,68
5,1.75,2030,12342,2,0,0,4,7,2030,0,1942,0,98052,47.6417,-122.109,2500,47
4,2.5,2310,9624,2,0,0,3,8,2310,0,1984,0,98027,47.5386,-122.053,1940,59.775
3,1.75,1260,3328,1,0,0,5,6,700,560,1905,0,98103,47.6823,-122.349,1380,57
3,1.75,1540,12600,1,0,0,4,7,1160,380,1980,0,98038,47.3624,-122.031,1540,27.25
3,1.75,2080,5969,1,0,2,3,7,1080,1000,1971,0,98108,47.5474,-122.295,2090,32.995
4,2.5,3230,16171,2,0,3,3,9,2520,710,2001,0,98001,47.3183,-122.253,2640,48
3,3.5,4380,6350,2,0,0,3,8,2780,1600,1900,1999,98117,47.6981,-122.368,1830,74.05
3,3.5,1590,1102,3,0,0,3,8,1590,0,2010,0,98103,47.6824,-122.347,1620,51.85
2,1,880,6780,1,0,0,4,6,880,0,1945,0,98178,47.5009,-122.248,1190,20.5425
4,2,1570,9600,1,0,0,3,6,1570,0,1950,0,98168,47.4965,-122.303,1880,17.18
4,1,1610,2982,1.5,0,0,4,7,1610,0,1925,0,98144,47.587,-122.294,1610,53.5
3,2.5,2400,6474,1,0,2,3,8,1560,840,1964,0,98177,47.7728,-122.386,2340,66
3,2,1450,9132,1,0,0,3,7,1450,0,1987,0,98034,47.7288,-122.226,1580,39.15
2,1,770,6000,1,0,0,3,6,770,0,1953,0,98117,47.6999,-122.364,1710,39.5
4,1.75,2100,4400,1.5,0,0,5,7,1720,380,1924,0,98118,47.5299,-122.266,1850,44.5
3,2.25,2910,10204,2,0,0,3,9,2910,0,1990,0,98052,47.6897,-122.098,2700,77
4,2.75,2750,17789,1.5,0,0,3,8,1980,770,1914,1992,98004,47.6141,-122.212,3060,145
3,2.25,2100,8201,1,0,2,3,8,1620,480,1967,0,98178,47.5091,-122.244,2660,44.5
4,2.25,2160,8811,1,0,0,3,8,1360,800,1978,0,98023,47.3129,-122.39,2090,26
5,3.5,2320,4960,2,0,0,5,7,1720,600,1926,0,98103,47.6763,-122.352,1700,82.25
4,2.5,2070,4310,2,0,0,3,7,2070,0,2004,0,98065,47.5319,-121.85,1970,43
3,1.75,1060,7875,1,0,0,4,7,1060,0,1986,0,98092,47.2761,-122.152,1420,21.2
4,2.25,2010,9603,1,0,0,3,8,1440,570,1986,0,98027,47.5343,-122.054,2060,66.05
3,3.5,3950,111078,1.5,0,0,3,9,2460,1490,1989,0,98052,47.697,-122.072,2480,78.4
3,2.5,2010,2287,2,0,0,3,8,1390,620,2014,0,98029,47.5517,-121.998,1690,45.3246
4,3.5,2140,2278,3,0,0,3,9,2140,0,2005,0,98107,47.6734,-122.38,1540,67.5
3,1.75,1320,17390,1,0,0,4,7,1320,0,1956,0,98003,47.3257,-122.296,1550,19.9
4,1.75,2020,7840,1,0,0,3,7,1010,1010,1968,0,98003,47.3309,-122.299,1750,22
4,2.25,2590,10002,1,0,0,4,8,1340,1250,1968,0,98028,47.7689,-122.266,1550,45.2
2,1,1190,4440,1,0,0,3,6,1190,0,1981,0,98125,47.7135,-122.287,1060,38.25
3,2.25,1170,1249,3,0,0,3,8,1170,0,2014,0,98107,47.6722,-122.381,1350,51.995
2,1,1110,3200,1,0,0,3,7,1110,0,1925,0,98119,47.6338,-122.358,1170,66.5
5,2.5,2820,9375,1,0,0,4,8,1550,1270,1968,0,98006,47.5707,-122.128,2820,52.77
3,1,1610,8579,1,0,0,4,7,1010,600,1962,0,98058,47.4563,-122.171,1610,20.5
3,1,1060,8097,1,0,0,4,7,940,120,1923,0,98133,47.7144,-122.351,1560,42
4,2.25,2030,8517,1,0,0,4,8,1380,650,1961,0,98006,47.5495,-122.174,2230,50
4,2.5,3670,315374,2,0,0,4,9,3670,0,1994,0,98077,47.7421,-122.026,2840,92.15
4,1,2550,4000,2,0,0,3,8,2370,180,1905,0,98109,47.6354,-122.353,2200,89
2,2.5,2420,60984,2,0,0,3,7,2420,0,2007,0,98027,47.5262,-121.943,1940,43
5,2,2260,12500,1,0,0,4,8,1130,1130,1960,0,98032,47.3887,-122.286,1360,25.8
3,1,1430,3455,1,0,0,3,7,980,450,1947,0,98103,47.6873,-122.336,1450,51.1
3,2,1360,3090,2,0,0,3,8,1360,0,1990,0,98103,47.6838,-122.353,1500,53.217
3,1,1110,5000,1.5,0,0,3,7,1110,0,1947,0,98107,47.655,-122.359,1420,56
3,1,1250,8200,1,0,0,4,7,1250,0,1954,0,98003,47.3255,-122.304,1680,28.295
4,3.25,5180,19850,2,0,3,3,12,3540,1640,2006,0,98006,47.562,-122.162,3160,225
1,1,700,5100,1,0,0,3,7,700,0,1942,0,98115,47.679,-122.3,1010,35
3,1,1180,7669,1,0,0,4,7,1180,0,1967,0,98058,47.4479,-122.176,1190,21.5
5,3.5,3960,25245,2,0,0,3,9,2500,1460,1996,0,98056,47.525,-122.172,2640,65
4,2.75,2640,7500,1,0,0,3,8,1620,1020,1967,0,98023,47.3135,-122.369,1980,32
3,2,1270,7198,1.5,0,0,3,7,1270,0,1916,2013,98022,47.2086,-121.996,1160,24.7
4,1.75,1760,11180,1,0,0,4,8,1760,0,1968,0,98059,47.4715,-122.118,1730,32
5,2.25,2060,8632,1,0,0,3,7,1030,1030,1962,0,98146,47.4877,-122.335,1010,25.5
3,1.75,1780,9660,1,0,0,3,7,1780,0,1962,0,98034,47.7171,-122.193,1200,43.8
3,2.5,3400,16603,2,0,0,3,10,3400,0,2000,0,98075,47.6012,-122.023,3400,90
3,2.75,1910,7280,1,0,0,3,7,1160,750,1979,0,98034,47.7319,-122.224,1710,44.1
3,2,2020,38332,1,0,0,4,7,1010,1010,1975,0,98027,47.4582,-122.023,2110,42
3,1.75,1580,7000,1,0,0,3,7,1180,400,1976,0,98034,47.7209,-122.168,1640,37
2,1.75,1340,7250,1,0,0,5,5,700,640,1949,0,98198,47.408,-122.327,1830,26.995
4,2.5,2680,4499,2,0,0,3,9,2680,0,1999,0,98006,47.565,-122.125,2920,80.71
3,2.5,2680,9750,1,0,0,4,8,1610,1070,1979,0,98034,47.7028,-122.231,2480,65.3
3,2,1370,8336,1,0,0,5,7,1370,0,1964,0,98133,47.7458,-122.331,1770,37.15
3,1.75,1560,21000,1,0,0,3,7,1560,0,1954,0,98166,47.4776,-122.337,1070,28.4
3,1.75,2160,7140,1,0,0,4,7,1670,490,1978,0,98023,47.3026,-122.374,1930,27.2
3,1.5,1340,7912,1.5,0,0,3,7,1340,0,1955,0,98133,47.7658,-122.339,1480,31.3
4,2.5,3880,35003,2,0,0,3,10,2570,1310,1984,0,98033,47.6477,-122.182,3740,91.75
4,2.25,2590,8190,2,0,0,4,8,2590,0,1980,0,98006,47.5619,-122.125,2260,67.3
3,2.5,1120,1100,2,0,0,3,8,820,300,2008,0,98122,47.6106,-122.31,1590,42.5
5,2.75,1970,5400,1,0,0,3,7,1320,650,1986,0,98144,47.5868,-122.308,1280,39.995
3,1,1220,4800,1,0,0,3,6,1220,0,1901,0,98122,47.6101,-122.307,1200,38.5
3,1.5,1950,7560,1,0,2,4,7,1320,630,1975,0,98022,47.1976,-121.999,1950,26.995
2,1,1350,8220,1,0,0,3,7,1060,290,1949,0,98177,47.7224,-122.358,1540,33
3,2.5,1670,5797,2,0,0,3,7,1670,0,1988,0,98030,47.3505,-122.179,1670,26
4,3,2380,5125,1.5,0,0,4,7,1680,700,1925,0,98126,47.5384,-122.376,1410,47
4,3,2440,9600,2,0,0,5,7,2440,0,1961,0,98034,47.7044,-122.2,2290,58.9
2,1.5,1050,3419,2,0,0,3,7,1050,0,1996,0,98038,47.3848,-122.039,1050,16.35
4,2.75,3130,13412,2,0,0,3,9,2140,990,1993,0,98052,47.6993,-122.102,2260,83.5
5,3,4090,12850,1,0,2,4,10,2090,2000,1986,0,98033,47.6627,-122.188,2540,110
4,1.75,1490,10000,1,0,0,4,8,1100,390,1969,0,98023,47.3099,-122.379,2190,26.9
3,2.5,1900,8744,2,0,0,3,8,1900,0,1987,0,98074,47.62,-122.043,2030,56
4,1,1330,2400,1.5,0,0,4,6,1330,0,1901,0,98103,47.65,-122.34,1330,61.5
3,2.25,2230,10026,1,0,0,3,8,1430,800,1975,0,98052,47.6647,-122.153,2230,58.5188
3,1.75,1650,9480,1,0,0,3,7,1220,430,1977,0,98034,47.726,-122.191,1540,30.5
3,1,1190,8820,1,0,0,3,6,1190,0,1959,0,98058,47.4616,-122.184,1230,16.695
3,2.5,2140,9897,1,0,0,4,8,2140,0,1959,0,98040,47.5505,-122.219,2680,79.9
3,2.5,2180,7508,1,0,0,4,7,1420,760,1962,0,98133,47.7606,-122.336,1900,40
3,1,1060,10228,1,0,0,3,7,1060,0,1948,0,98155,47.7481,-122.3,1570,23
3,2.5,1690,5025,2,0,0,3,8,1690,0,2003,0,98023,47.2779,-122.347,2550,25.6883
4,2,1970,6480,1.5,0,0,5,7,1130,840,1920,0,98108,47.5511,-122.312,1500,42.3
3,2.5,2150,4084,2,0,0,3,8,2150,0,2007,0,98126,47.5488,-122.372,1750,46.5
3,2.5,1910,66211,2,0,0,3,7,1910,0,1997,0,98024,47.5385,-121.911,2330,44
3,1.75,1350,155073,1,0,0,4,7,1350,0,1969,0,98038,47.4058,-121.994,1560,38.5
3,1,860,11725,1,0,0,4,6,860,0,1943,0,98056,47.5093,-122.184,1300,21
3,2.5,1940,14952,2,0,0,3,8,1940,0,1994,0,98042,47.3777,-122.165,2030,29.7
3,1,1010,5000,1,0,0,3,7,1010,0,1952,0,98107,47.675,-122.394,1680,47
3,1.5,1300,7370,1,0,0,4,7,900,400,1976,0,98023,47.3025,-122.37,1430,22.65
3,1,910,8450,1,0,0,4,6,910,0,1962,0,98059,47.4787,-122.158,1400,27.425
4,1.75,2480,11010,1,0,0,4,9,1630,850,1966,0,98040,47.5378,-122.219,2770,84
3,2.5,2440,4587,2,0,0,3,8,2440,0,2010,0,98052,47.7073,-122.114,2750,67.79
3,1,1010,5864,1,0,0,3,7,1010,0,1915,0,98116,47.5733,-122.381,1290,42.5
2,0.75,900,9600,1,0,0,3,6,900,0,1941,0,98166,47.4604,-122.339,1250,18.025
6,3,2300,3404,2,0,0,3,7,1600,700,1920,1994,98133,47.7067,-122.343,1560,46.4
4,2.25,1550,7579,2,0,0,3,8,1550,0,1993,0,98038,47.354,-122.047,1630,32
3,2.25,1270,1566,2,0,0,3,8,1060,210,2014,0,98105,47.6647,-122.284,1160,62.5504
4,2.5,2240,12032,1,0,0,3,9,2240,0,1983,0,98074,47.6143,-122.017,2520,59.25
3,2.5,2714,17936,2,0,0,3,9,2714,0,2005,0,98001,47.3185,-122.275,2590,46.5
4,2.75,1720,6270,2,0,0,3,8,1720,0,1978,0,98118,47.5458,-122.268,2130,47.7
2,1,850,16400,1,0,0,3,6,850,0,1923,0,98168,47.4889,-122.299,1100,28
5,3,3300,33474,1,0,3,3,9,1870,1430,1957,1991,98040,47.5673,-122.21,3836,151
3,2.5,2250,5692,2,0,0,3,8,2250,0,2000,0,98146,47.5133,-122.379,1320,44.5838
2,2.25,3900,14864,1,0,3,3,8,1950,1950,1947,0,98144,47.5884,-122.291,2580,107
2,1.5,1320,10800,1,0,0,4,8,1320,0,1947,0,98177,47.7145,-122.367,2120,46.7
4,2.5,2760,6440,2,0,0,3,10,2760,0,1999,0,98075,47.5836,-122.026,3070,68.6
3,2,1750,9750,1,0,0,3,7,1350,400,1961,0,98198,47.398,-122.299,1900,27.995
4,2.25,2330,19436,2,0,0,3,8,2330,0,1987,0,98011,47.7663,-122.215,1910,52.7
3,2.25,2220,16020,1,0,0,4,8,1780,440,1966,0,98030,47.3758,-122.217,2080,32.5
3,2.25,2020,8379,2,0,0,3,7,2020,0,1994,0,98038,47.3828,-122.023,2020,32.8
3,2.25,1250,7500,1,0,0,5,7,1250,0,1942,0,98146,47.5123,-122.373,1280,39
2,2,1510,6516,1,0,0,3,8,1510,0,2005,0,98053,47.7076,-122.013,1640,47.995
4,2.25,1720,9753,1,0,0,4,7,1120,600,1978,0,98023,47.2922,-122.371,1510,26.495
3,1,1430,15246,1,0,0,4,7,980,450,1961,0,98031,47.4075,-122.214,1960,23.5
3,2.5,1480,4729,2,0,0,3,7,1480,0,2004,0,98053,47.6794,-122.034,2250,51.65
2,1.75,1450,15798,2,1,4,3,7,1230,220,1915,1978,98166,47.4497,-122.375,2030,65.5
4,2.75,2280,15347,1,0,0,5,7,2280,0,1960,0,98059,47.5218,-122.164,2280,50
6,2.75,2940,7350,1,0,0,3,8,1780,1160,1978,0,98023,47.3103,-122.339,2120,31.5
2,1,1000,10200,1,0,0,3,6,1000,0,1961,0,98024,47.5687,-121.899,1150,21.3
3,1.5,2480,5280,1.5,0,0,5,7,1620,860,1947,0,98108,47.5575,-122.303,2090,47.5
5,4,3760,28040,2,0,0,3,10,3760,0,1983,0,98033,47.6489,-122.183,3430,103
3,2,2220,94300,1,0,0,5,7,1640,580,1976,0,98010,47.3459,-121.95,2070,41.6
4,1,1970,4740,1.5,0,0,3,7,1670,300,1904,2005,98122,47.6136,-122.303,1510,41
3,3.5,3830,221284,2,0,0,3,10,3530,300,1993,0,98077,47.7641,-122.023,2920,80
6,2.5,4410,14034,1,0,2,4,9,2350,2060,1965,0,98003,47.3376,-122.324,2600,47.2
3,1.75,1430,8505,1,0,0,4,7,1430,0,1968,0,98003,47.3173,-122.319,1190,22.5
2,1,830,6000,1,0,0,3,6,830,0,1940,0,98126,47.5308,-122.376,830,21
2,1,1430,5000,1.5,0,0,2,7,1430,0,1925,0,98115,47.6727,-122.299,1450,45.5
3,1,1300,8316,1,0,0,4,6,1300,0,1954,0,98002,47.3221,-122.216,1260,22.5
2,1,1030,3060,1,0,2,4,7,790,240,1918,0,98103,47.6779,-122.353,1390,48
3,2.5,2740,11872,2,0,0,3,9,2740,0,1990,0,98023,47.3076,-122.395,2570,36.3
4,2.5,3650,8354,1,1,4,3,9,1830,1820,2000,0,98074,47.6338,-122.072,3120,240
2,1.5,720,5120,1,0,0,3,6,720,0,1954,0,98106,47.5218,-122.357,1150,18.1
4,2,2010,7312,1,0,0,4,7,2010,0,1976,0,98002,47.2785,-122.213,2010,25
3,1.75,1560,3000,1,0,0,4,6,770,790,1918,0,98103,47.6846,-122.345,1390,48.1
3,2,1810,7209,1,0,0,4,7,1240,570,1978,0,98032,47.3656,-122.278,1750,26
4,2.5,3360,7685,2,0,0,3,9,3360,0,2001,0,98058,47.4369,-122.111,3060,45.5
3,2.25,1510,36224,2,0,0,3,8,1510,0,1991,0,98045,47.4616,-121.711,1730,41.5
3,1,1400,3538,1,0,0,3,7,800,600,1953,0,98118,47.5405,-122.27,1620,34.95
3,2.5,1730,7442,2,0,0,3,7,1730,0,1987,0,98030,47.3507,-122.178,1630,24.5
2,2,1420,9191,1.5,0,2,5,7,1420,0,1928,0,98115,47.6979,-122.32,1420,59.25
4,1.75,2360,7620,1,0,0,4,7,1180,1180,1955,0,98106,47.5278,-122.345,1910,38.5
3,1.75,1580,11455,1,0,0,4,7,1200,380,1974,0,98059,47.4756,-122.147,1550,31.5
3,1,1230,10170,1,0,0,3,7,1230,0,1979,0,98045,47.4437,-121.772,1380,25.5
4,2.5,2460,4425,2,0,0,3,8,2460,0,2006,0,98052,47.7048,-122.109,2990,69.3
3,1,1660,4400,1.5,0,0,3,8,1460,200,1911,0,98112,47.6362,-122.302,1660,78
3,1.75,1270,8470,1,0,0,4,7,1270,0,1960,0,98198,47.4207,-122.29,1600,23.7
3,2.25,2100,40510,2,0,0,3,10,1320,780,1979,0,98074,47.6154,-122.047,2380,52.5
2,1,770,5040,1,0,0,3,5,770,0,1930,0,98144,47.5964,-122.299,1330,42.5
1,0.75,760,10079,1,1,4,5,5,760,0,1936,0,98070,47.4683,-122.438,1230,36.99
4,2.5,1700,7280,2,0,0,4,7,1700,0,1988,0,98031,47.4045,-122.171,1950,29
3,1,1120,10701,1,0,0,3,7,1120,0,1954,0,98106,47.5544,-122.358,1130,28.5
2,1,1070,4500,1,0,0,3,7,1070,0,1937,0,98115,47.6802,-122.29,1320,41.5
3,2.5,2070,9900,1,0,0,3,8,1420,650,1979,0,98023,47.2988,-122.371,2070,27.25
4,3.25,5050,20100,1.5,0,2,3,11,4750,300,1982,2008,98004,47.6312,-122.223,3890,290
4,4.75,5310,57346,2,0,0,4,11,5310,0,1989,0,98077,47.7285,-122.042,4180,137
2,1,1040,7538,1,0,0,4,7,1040,0,1939,0,98133,47.7107,-122.352,1440,43.6
3,1,1700,11390,1,0,0,4,7,1700,0,1967,0,98003,47.3271,-122.323,1350,21
3,1,1300,5898,1,0,0,3,7,1300,0,1961,0,98178,47.5053,-122.255,1320,23.6
3,1.75,1080,1306,1,0,0,3,7,580,500,1954,2003,98199,47.6601,-122.4,1440,33.1
3,2.5,2653,4510,2,0,0,3,8,2653,0,2006,0,98031,47.4145,-122.166,2653,36.5
3,2,2290,16258,1,0,0,5,8,2290,0,1960,0,98058,47.4672,-122.165,1660,45
4,2.75,3820,26300,2,0,0,3,9,2850,970,2014,0,98028,47.7618,-122.261,1860,77
4,2.5,2210,49375,1,0,0,3,8,2210,0,1997,0,98038,47.3828,-122.071,2670,45.5
3,1.75,2390,6000,1,0,0,3,6,1240,1150,1908,0,98118,47.5362,-122.268,2020,40.5
4,1.75,2600,11325,1,0,0,4,7,1610,990,1969,0,98031,47.3954,-122.206,1720,30.49
2,1,860,5265,1,0,0,3,6,860,0,1931,0,98178,47.5048,-122.272,1650,17
5,3,3830,8480,2,0,1,5,9,2630,1200,1905,1994,98122,47.6166,-122.287,3050,205
4,2.5,3500,7048,2,0,0,3,9,3500,0,2005,0,98053,47.6811,-122.025,3920,78
3,3,2420,13959,1,0,0,4,8,1740,680,1988,0,98028,47.7486,-122.23,2570,33
4,2.5,2720,8666,2,0,0,3,9,2720,0,1992,0,98030,47.3846,-122.169,2410,37
5,2.25,2500,13500,1,0,0,3,7,1850,650,1979,0,98072,47.7564,-122.144,2300,46.7
3,1.75,1670,6720,1,0,0,3,7,1140,530,1980,0,98034,47.7198,-122.193,1670,40.5
5,2.25,2900,10300,1,0,0,3,8,1450,1450,1985,0,98006,47.5461,-122.151,2310,67.5
2,1,1640,14100,1,0,0,4,7,1140,500,1954,0,98006,47.5712,-122.143,1520,50
4,2.5,1890,15770,2,0,0,4,7,1890,0,1968,0,98166,47.4281,-122.343,2410,38.9999
4,1.75,2950,9025,1,0,2,4,8,1780,1170,1975,0,98034,47.7128,-122.223,2120,63
4,2.5,2160,9528,2,0,0,3,9,2160,0,1992,0,98001,47.3341,-122.255,2280,36
4,3,3280,11060,2,0,0,3,8,2270,1010,1986,0,98056,47.5399,-122.181,2320,58
3,2,1970,4166,2,0,3,5,8,1270,700,1929,0,98126,47.5717,-122.375,2390,55
4,2.5,3360,22111,2,0,0,3,10,3360,0,1994,0,98075,47.5951,-122.017,3150,87.9
3,2,1320,8959,1,0,0,3,7,1320,0,1993,0,98042,47.3536,-122.144,1740,26.5
3,2.5,2650,7286,2,0,0,3,8,2650,0,1990,0,98059,47.5084,-122.154,2400,44.65
3,1.5,2030,8880,1,0,0,3,7,1330,700,1963,0,98108,47.5586,-122.311,2140,40.4
3,1.75,1590,11914,1,0,2,3,7,1090,500,1957,0,98188,47.4427,-122.274,1630,26.75
4,5,4550,18641,1,1,4,3,10,2600,1950,2002,0,98074,47.6053,-122.077,4550,308
3,2.5,2440,7632,2,0,0,3,8,2440,0,1998,0,98003,47.3494,-122.301,2510,33.5
3,2.5,1940,9000,1,0,0,4,7,970,970,1948,0,98117,47.6933,-122.393,2190,57.6
3,2.5,2040,3810,2,0,0,3,8,2040,0,2006,0,98038,47.3537,-122,2370,20.8633
3,2.25,2200,8750,1,0,0,4,7,1120,1080,1964,0,98166,47.476,-122.337,1460,31.5
3,1.75,1920,3300,1,0,0,4,8,960,960,1913,0,98112,47.6239,-122.298,1740,72.5
4,2.75,1800,7750,1,0,0,4,8,1400,400,1965,0,98177,47.7776,-122.384,1800,55
4,2.25,2180,7297,2,0,0,3,8,2180,0,1984,0,98074,47.6459,-122.058,2250,61.075
2,1,1010,5000,1.5,0,0,4,6,1010,0,1908,0,98105,47.6692,-122.297,1460,55.07
4,2.75,3320,10574,2,0,0,5,8,2220,1100,1960,0,98056,47.5376,-122.18,2720,66.5
4,2.5,2370,4000,1.5,0,2,5,8,1980,390,1928,0,98144,47.601,-122.294,2440,83.4
5,1.75,1660,78408,1.5,0,0,3,6,1660,0,1915,0,98065,47.529,-121.837,1660,20.1
5,2.5,3650,9050,2,0,4,5,10,3370,280,1921,0,98119,47.6345,-122.367,2880,238
4,3.25,4290,12103,1,0,3,3,11,2690,1600,1997,0,98006,47.5503,-122.102,3860,138
4,3.25,4290,12103,1,0,3,3,11,2690,1600,1997,0,98006,47.5503,-122.102,3860,140
4,2.25,1950,7700,1,0,0,3,8,1350,600,1979,0,98058,47.4441,-122.125,2150,30.5
3,2,2590,14052,1,0,0,5,8,1720,870,1948,0,98133,47.7357,-122.333,1570,48.7
3,2.5,1930,64904,1,0,0,4,8,1930,0,1988,0,98042,47.346,-122.157,2350,39
2,1,1470,3864,1,0,0,4,7,1170,300,1916,0,98103,47.6638,-122.345,1570,54.8
4,1,800,8775,1,0,0,3,6,800,0,1943,0,98166,47.48,-122.336,1310,26.875
5,2.75,3150,7119,2,0,0,3,9,3150,0,2013,0,98052,47.6759,-122.151,1560,81.99
3,2.25,2030,16200,2,0,0,3,8,2030,0,1984,0,98027,47.5162,-122.057,2660,52
3,2,1450,11204,1,0,0,3,7,1450,0,2003,0,98001,47.2639,-122.252,1520,23
3,1.75,1510,10248,1,0,0,3,7,1510,0,1969,0,98023,47.2929,-122.371,1510,24
2,1,1240,12092,1,0,0,3,6,960,280,1922,1984,98146,47.4957,-122.352,1820,23.2
2,1,1240,12092,1,0,0,3,6,960,280,1922,1984,98146,47.4957,-122.352,1820,24.05
3,2.5,3030,45004,2,0,0,3,9,3030,0,1987,0,98077,47.7721,-122.093,3080,27.4975
4,2,2050,4400,1.5,0,0,4,9,2050,0,1922,0,98102,47.644,-122.319,2320,74
3,1,1000,7636,1,0,0,2,7,1000,0,1952,0,98166,47.472,-122.344,1150,18.6375
3,2.25,2370,10289,1,0,0,4,9,1590,780,1977,0,98005,47.592,-122.166,2500,79
4,3.5,2800,6750,2,0,0,3,9,1890,910,1951,2002,98105,47.669,-122.275,2370,88
6,1.75,2240,11180,2,0,0,4,7,2240,0,1955,0,98198,47.42,-122.323,1590,27.9
3,2,1810,10530,1,0,2,3,8,1810,0,1991,0,98022,47.1913,-122.012,1910,29.5
2,1,1070,5000,1,0,0,3,7,1070,0,1924,0,98103,47.6666,-122.331,1710,64
4,2,2490,9525,2,0,0,5,9,2490,0,1968,0,98040,47.5639,-122.217,2770,94
4,2.5,1960,5238,2,0,0,3,7,1960,0,2003,0,98038,47.3483,-122.052,1800,26
3,2.75,2930,5569,1,0,0,3,9,1860,1070,2004,0,98072,47.7648,-122.164,2580,55.99
4,2,1510,3500,1.5,0,0,5,7,1510,0,1911,0,98103,47.6794,-122.357,1820,79.15
3,1.75,1420,8250,1,0,0,3,7,1420,0,1954,0,98133,47.7535,-122.354,1740,26.5
3,1.75,1740,11547,1,0,0,3,7,1740,0,1954,0,98178,47.4945,-122.22,880,24.5
4,1.75,2560,43995,2,0,0,4,7,2560,0,1962,0,98052,47.6945,-122.093,2560,48.5
4,3.5,3040,8414,2,0,0,3,9,2420,620,2010,0,98059,47.5222,-122.157,3470,68.4
3,1.75,2500,6840,1,0,0,3,8,1300,1200,1957,0,98125,47.7222,-122.32,1580,42.5
4,1.75,1275,20000,1,0,0,4,6,1275,0,1991,0,98070,47.3796,-122.49,1660,30.96
4,2.5,2580,5823,2,0,0,3,8,2580,0,2002,0,98065,47.5374,-121.875,2380,55.225
4,1,1000,7134,1,0,0,3,6,1000,0,1943,0,98178,47.4897,-122.24,1020,16.5
4,1,1000,7134,1,0,0,3,6,1000,0,1943,0,98178,47.4897,-122.24,1020,23.99
2,1,1070,32633,1,0,0,4,6,1070,0,1930,0,98059,47.4716,-122.078,1360,32
3,2,1390,13464,1,0,0,4,7,1390,0,1987,0,98030,47.3581,-122.173,1720,20.66
4,1.75,2500,7690,1,0,0,3,7,1250,1250,1973,0,98155,47.7713,-122.307,2040,38.7
1,0.75,560,12120,1,0,0,3,4,560,0,1967,0,98014,47.675,-121.854,1300,29.9
4,2.75,2270,10460,2,0,0,3,9,2270,0,1965,0,98040,47.5603,-122.222,2610,85.5
3,1,1900,14400,1,0,0,4,7,1300,600,1954,0,98166,47.4147,-122.337,1940,31.5
2,1,990,3120,1,0,2,5,7,790,200,1907,0,98103,47.68,-122.353,1930,43.75
4,1.5,1550,19800,1,0,0,4,7,1050,500,1969,0,98001,47.3117,-122.27,1640,25.2
4,1.75,2200,7475,1,0,0,5,7,1100,1100,1955,0,98118,47.543,-122.28,1600,37.5
4,2.5,1910,4862,2,0,0,3,7,1910,0,2005,0,98038,47.3607,-122.034,2010,30
4,1,1750,9600,1.5,0,0,4,7,1750,0,1954,0,98006,47.5759,-122.137,1750,42
3,1,1330,77972,1,0,0,3,7,1330,0,1928,1954,98033,47.6891,-122.159,1340,90
3,2.5,2440,5750,2,0,2,3,9,1980,460,2000,0,98116,47.565,-122.381,1520,67.99
3,2.5,1640,29970,2,0,0,3,7,1640,0,1992,0,98053,47.6359,-121.974,1580,46.3
5,2.5,2760,11340,2,0,0,4,9,2760,0,1978,0,98059,47.4769,-122.141,2470,38
4,2.5,1820,7912,2,0,0,3,7,1820,0,1994,0,98038,47.3845,-122.029,1820,32.95
3,2.5,2110,5608,1,0,0,3,8,1340,770,2013,0,98033,47.6743,-122.184,2040,60.495
5,2.5,3040,9570,1,0,2,4,8,1640,1400,1966,0,98006,47.5651,-122.164,2920,79.5
3,2,1840,40438,2,0,0,3,7,1840,0,1994,0,98045,47.4853,-121.709,1380,46.5
4,2.5,2990,10400,2,0,0,3,9,2990,0,2002,0,98166,47.4508,-122.359,2140,67.3
4,2.5,3520,15420,2,0,0,3,10,3520,0,1991,0,98074,47.6375,-122.016,3400,81
4,2.75,2440,69415,1,0,0,4,8,1910,530,1989,0,98075,47.5944,-122.042,2770,78.5
4,3,2090,7500,1,0,0,3,7,1370,720,1986,0,98056,47.4888,-122.182,1810,33.8
3,2.25,1430,7222,2,0,0,3,7,1430,0,1993,0,98056,47.5112,-122.19,1430,28
4,2.25,2180,10754,1,0,0,5,7,1100,1080,1954,0,98133,47.7711,-122.341,1810,31.5
4,2.25,2180,10754,1,0,0,5,7,1100,1080,1954,0,98133,47.7711,-122.341,1810,53
5,3,3450,9914,2,0,0,3,9,3450,0,2004,0,98023,47.2813,-122.345,2860,38
3,2.25,1450,7562,2,0,0,3,7,1450,0,1994,0,98056,47.5038,-122.189,1650,29.7
4,2.5,3230,7331,2,0,0,3,10,3230,0,2004,0,98075,47.5823,-121.97,3480,73
3,1.75,1640,13500,1,0,0,3,7,1110,530,1940,0,98125,47.7164,-122.304,1770,45
3,3,1590,7750,1,0,0,3,7,1060,530,1997,0,98038,47.3624,-122.045,1680,27.5
4,2,2020,2849,2,0,0,3,7,2020,0,1960,0,98115,47.6831,-122.329,1910,59.5
3,1.5,1300,3348,1.5,0,0,3,7,1300,0,1904,2014,98144,47.592,-122.307,1590,43.5
2,1.5,1380,209959,1,0,0,1,6,1380,0,1954,0,98011,47.7461,-122.195,3130,27
3,3,4040,14338,2,0,0,3,10,3030,1010,1986,0,98077,47.7268,-122.06,3360,95
4,2.25,2130,5337,2,0,0,3,7,2130,0,2001,0,98019,47.7237,-121.959,2300,38.9
4,2.25,2550,7800,1,0,0,3,8,1580,970,1968,0,98052,47.6283,-122.095,2420,56
5,3.5,4800,14984,2,0,2,3,11,3480,1320,1998,0,98006,47.5543,-122.148,4050,135
4,2.25,2510,11585,2,0,0,4,8,2510,0,1969,0,98040,47.5483,-122.226,2450,79.9
3,2,1410,9600,1,0,0,4,7,1410,0,1983,0,98072,47.7591,-122.146,1410,36.55
3,2,1650,7352,1,0,0,3,7,1160,490,1979,0,98058,47.4612,-122.169,1710,25.235
4,2.5,2120,13780,2,0,0,3,8,2120,0,1993,0,98146,47.4987,-122.365,1880,40.395
4,1.5,2040,10726,1,0,0,3,7,1380,660,1954,0,98177,47.772,-122.358,1610,38.5
4,1,1550,7620,1.5,0,0,3,7,1550,0,1957,0,98106,47.5287,-122.35,1450,34.5
3,2.75,1980,3128,2,0,0,4,9,1980,0,1979,0,98008,47.6109,-122.114,1950,49
3,2.5,1600,26977,2,0,0,3,8,1600,0,2005,0,98019,47.7736,-121.901,1790,33
4,2.75,3300,12090,2,0,0,3,8,3300,0,1953,0,98004,47.6294,-122.218,3180,92.7
4,2.5,3840,16619,2,0,1,4,10,3840,0,1983,0,98040,47.5634,-122.213,3600,112
2,1,1220,10000,1,0,0,5,7,1220,0,1950,0,98028,47.7405,-122.241,2000,33
5,2.25,2720,8800,1,0,0,4,7,1500,1220,1958,0,98008,47.5976,-122.118,2110,53
4,2,1940,25600,1,0,0,1,8,1940,0,1962,0,98006,47.5722,-122.129,2000,36.5
3,2.5,2160,3000,1.5,0,0,3,7,1260,900,1909,2011,98118,47.5644,-122.289,1060,37.875
4,1.75,1530,8750,1.5,0,0,4,7,1530,0,1968,0,98058,47.4556,-122.157,1390,26.99
3,3.5,1710,2096,2,0,0,3,8,1290,420,2008,0,98122,47.6055,-122.305,1630,55.7
4,1.75,3730,16980,1,0,0,4,7,2150,1580,1974,0,98022,47.1775,-122.022,1880,36
2,1,940,5000,1,0,0,4,7,940,0,1937,0,98117,47.6879,-122.385,1560,35.2
3,2.5,1750,22357,2,0,0,3,8,1750,0,1994,0,98045,47.4807,-121.779,2430,43.7
4,2.5,1820,6753,2,0,0,3,7,1820,0,1994,0,98038,47.3845,-122.032,1820,32.25
3,3.25,1510,2000,2,0,0,3,9,1330,180,2001,0,98116,47.5815,-122.402,1510,65
3,2,1290,1213,3,0,0,3,8,1290,0,2001,0,98103,47.6609,-122.344,1290,45
3,2,1570,5250,1,0,0,3,7,1570,0,1998,0,98092,47.3163,-122.188,1570,27.85
4,2.5,1930,6957,2,0,0,3,8,1930,0,1995,0,98055,47.4309,-122.191,2090,36.495
4,3.5,2840,40139,1,0,4,4,10,2840,0,1986,0,98038,47.401,-122.026,3180,84
3,2.5,1550,8134,2,0,0,3,7,1550,0,1991,0,98031,47.404,-122.191,1550,26.8
2,1,833,143947,1,0,0,3,5,833,0,2006,0,98070,47.3889,-122.482,1380,51.7534
3,2.5,2990,32239,2,0,0,4,8,2990,0,1978,0,98077,47.7718,-122.095,2990,63.2925
3,2.5,2000,7251,2,0,0,3,9,2000,0,1995,0,98034,47.7067,-122.2,2450,57.75
4,1.5,2390,7480,1.5,0,2,3,7,2390,0,1920,0,98178,47.504,-122.227,2850,33.9
3,1.75,2910,37461,1,0,0,4,7,1530,1380,1967,0,98052,47.7015,-122.164,2520,57
4,1.75,2085,174240,1,0,0,3,7,1610,475,1964,0,98024,47.5753,-121.95,2690,56.35
4,2.25,2200,9351,1,0,0,5,7,1290,910,1962,0,98133,47.7448,-122.333,1910,42.3
3,2.25,1860,5028,2,0,0,3,8,1860,0,2012,0,98019,47.7318,-121.982,2320,35.5
5,4.25,6070,171626,2,0,0,3,12,6070,0,1999,0,98024,47.5954,-121.95,4680,155
2,1,950,3960,1,0,0,3,7,950,0,1941,0,98103,47.6885,-122.337,1320,48.2
3,1.75,1600,9135,1,0,0,5,7,1600,0,1955,0,98006,47.5724,-122.179,1580,62.5
3,2.5,2250,11632,2,0,0,3,8,2250,0,1988,0,98056,47.5272,-122.169,2360,53.8
3,2.5,2280,10255,2,0,0,4,8,2280,0,1985,0,98058,47.4334,-122.161,2310,38
2,1,940,5120,1,0,0,3,7,940,0,1909,0,98122,47.6073,-122.308,1300,37.5
3,2.5,1530,8500,1,0,0,5,7,1030,500,1996,0,98038,47.3592,-122.046,1850,24.5
5,1.75,2190,27260,1,0,0,4,7,2190,0,1947,1974,98166,47.4546,-122.337,1620,31
3,2,2350,15021,1,0,0,4,8,1770,580,1976,0,98004,47.6408,-122.219,3530,130
4,2,1440,7680,1,0,0,3,7,1200,240,1971,0,98034,47.7245,-122.2,1460,39.7
3,2.5,2200,4052,2,0,0,3,8,2200,0,2005,0,98058,47.4362,-122.178,2310,36.5
4,3,2290,8250,2,0,0,3,9,2290,0,1990,0,98042,47.3739,-122.156,2290,32.85
4,3,4040,19700,2,0,0,3,11,4040,0,1987,0,98052,47.7205,-122.127,3930,98.8
4,2.5,2610,3277,1.5,0,0,5,8,1920,690,1922,0,98103,47.6636,-122.33,1810,100
3,2.5,1490,2138,2,0,0,3,7,1490,0,2005,0,98055,47.4324,-122.197,1490,23.7
4,2.5,2450,5280,2,0,0,3,8,2450,0,2003,0,98011,47.7734,-122.224,2300,52.5
4,2.5,1710,9627,1,0,0,3,9,1440,270,1976,2014,98006,47.559,-122.164,2140,74.9
5,2.5,4870,11800,2,0,0,3,10,3470,1400,1983,0,98074,47.633,-122.041,3180,72.25
3,2.5,3130,8750,2,0,0,3,10,3130,0,1991,0,98052,47.6954,-122.103,2860,84.3
2,2,1270,1372,3,0,0,3,8,1270,0,2000,0,98115,47.6776,-122.318,1610,43.8
3,1.75,2120,10875,1,0,2,3,8,1540,580,1977,0,98146,47.504,-122.382,2460,57.8
3,1.5,1670,8230,1,0,0,5,7,1670,0,1954,0,98001,47.2613,-122.255,2077,22.795
3,2.25,2070,11576,2,0,0,3,7,2070,0,1974,0,98001,47.3417,-122.271,1890,19.6
2,1,1420,5332,1,0,0,3,8,1070,350,1953,0,98105,47.6694,-122.275,2400,64.1
3,1.5,1250,219978,1,0,0,4,6,1250,0,1980,0,98038,47.4056,-121.955,1930,35
3,1,940,7980,1,0,0,4,7,940,0,1960,0,98032,47.3838,-122.289,1150,20.5
3,1.75,1920,9102,1,0,0,3,7,1920,0,1968,0,98072,47.7487,-122.082,1920,40
3,2.5,3545,9816,1,0,0,3,10,2610,935,2005,0,98027,47.5534,-122.078,3630,103
3,2,1260,5460,1,0,0,3,7,1260,0,1972,0,98034,47.7355,-122.18,1510,50.5
5,2.5,2340,7200,1,0,0,3,7,1300,1040,1975,0,98034,47.7206,-122.211,1930,47.5
3,2.25,2590,9263,1,0,0,5,8,1440,1150,1977,0,98028,47.7691,-122.262,2580,52
3,4.5,3970,24920,2,0,2,3,10,3260,710,1977,1999,98034,47.7183,-122.258,2610,145
3,1.75,1220,9732,1,0,0,3,7,1220,0,1965,0,98011,47.7736,-122.214,1630,33.35
3,1,1400,10403,1,0,0,4,6,1400,0,1976,0,98038,47.362,-122.029,1230,23.2
3,2.75,2360,16117,1,0,0,4,8,1710,650,1983,0,98006,47.5698,-122.121,2120,69.11
3,1.75,1870,9897,1,0,0,4,8,1870,0,1960,0,98040,47.5505,-122.221,1900,81.1
3,2.5,2830,5802,2,0,0,3,9,2830,0,2001,0,98028,47.7605,-122.234,2500,55.1
3,2.5,2260,3640,2,0,0,3,8,2260,0,1994,0,98072,47.7356,-122.157,2350,49.65
3,3,1970,20978,2,1,3,4,9,1770,200,1980,0,98070,47.3844,-122.438,2280,70.5
4,2.5,3140,9225,1,0,2,5,9,1770,1370,1966,0,98055,47.4904,-122.226,2460,57.8
3,1.75,1240,8659,1,0,0,5,7,1240,0,1986,0,98042,47.3663,-122.089,1490,25.5
4,3.5,3450,7832,2,0,0,3,10,3450,0,2007,0,98006,47.5637,-122.123,3220,105
3,2.25,2570,8491,2,0,0,4,8,2570,0,1989,0,98042,47.3759,-122.125,2400,34.8
3,2,1510,3413,2,0,0,3,7,1510,0,1985,0,98031,47.3912,-122.167,1570,23
4,2.25,2390,11250,2,0,0,3,9,2390,0,1988,0,98023,47.3305,-122.371,2480,35.95
3,1,980,7000,1,0,0,3,6,980,0,1953,0,98133,47.7617,-122.357,1220,33
1,0.75,430,5050,1,0,0,2,4,430,0,1912,0,98014,47.6499,-121.909,1200,8
3,1.75,1480,6360,1,0,0,3,7,1480,0,1954,0,98133,47.7311,-122.353,1480,46.5
4,2.5,1850,7324,2,0,0,3,8,1850,0,1997,0,98042,47.3701,-122.107,2100,32.5
3,2,2270,28025,1,0,0,4,7,1920,350,1947,0,98168,47.4857,-122.318,1770,34.05
3,2.5,1810,5192,2,0,0,3,8,1810,0,1993,0,98038,47.3724,-122.042,1810,34.25
2,2,1610,17600,2,0,0,3,6,1610,0,1930,1983,98178,47.4855,-122.266,1310,29.09
3,4.25,3840,6161,2,0,0,3,10,3840,0,2000,0,98074,47.6336,-122.064,3230,86.87
4,2.75,4110,8400,2,0,1,3,9,3130,980,1928,2013,98125,47.717,-122.281,2820,120
4,3.25,4190,10259,2,0,0,3,11,3150,1040,2000,0,98074,47.6332,-122.066,4300,115
4,2.75,3390,6298,2,0,0,3,9,3390,0,2011,0,98074,47.5906,-122.062,3390,85.99
4,2.25,1890,3006,2,0,0,3,7,1890,0,2003,0,98029,47.5461,-121.998,1580,52
3,2.5,1610,2527,2,0,2,3,9,1080,530,2005,0,98118,47.5674,-122.29,1610,46
3,1.5,1050,4590,1,0,0,3,7,850,200,1949,0,98115,47.6943,-122.29,1770,43.8924
2,1,630,6550,1,0,0,3,5,630,0,1918,0,98126,47.5486,-122.38,1420,31.5
4,2.75,2910,10650,1,0,2,3,8,1780,1130,1975,0,98033,47.6658,-122.188,2920,59
4,1.75,1700,8640,1,0,0,3,7,850,850,1955,0,98006,47.5772,-122.153,1620,37.85
3,2.5,1950,8130,2,0,0,4,9,1950,0,1990,0,98042,47.3875,-122.161,2350,32.85
3,3,2990,9773,2,0,0,4,8,2990,0,1973,0,98005,47.6344,-122.174,2230,84.995
3,1.5,1350,6000,1,0,2,3,7,900,450,1950,0,98136,47.5275,-122.391,1730,52.5
4,3.25,4860,181319,2.5,0,0,3,9,4860,0,1993,0,98074,47.6179,-122.005,3850,139
4,2.5,2160,7725,1,0,0,4,8,1460,700,1978,0,98023,47.3078,-122.378,2060,29.5
6,3.5,4860,11793,2,0,0,3,11,3860,1000,1998,0,98006,47.5521,-122.137,3600,107
2,2,890,5000,1,0,0,3,6,890,0,1917,0,98118,47.5158,-122.264,1860,20.795
4,2.75,2810,7302,2,0,0,3,9,2810,0,2002,0,98075,47.5985,-121.977,2820,69.99
5,2.5,3400,9500,2,0,1,4,8,3400,0,1977,0,98027,47.5645,-122.082,3080,128
4,1.5,1580,7350,1,0,0,4,7,960,620,1963,0,98052,47.6734,-122.154,1560,45.2
3,2,1680,5036,1,0,1,4,7,1680,0,1987,0,98055,47.4734,-122.186,1680,37
3,1.75,1300,11230,1,0,0,5,7,1300,0,1968,0,98042,47.3811,-122.087,1300,23.2
5,2.5,2820,14062,2,0,0,4,7,2380,440,1960,0,98034,47.7081,-122.215,1910,66.995
3,2,1510,6710,1,0,0,3,7,1070,440,1972,0,98034,47.7193,-122.216,1660,39.75
2,2.5,1230,1391,2,0,0,3,8,870,360,2004,0,98112,47.6192,-122.301,1240,49
4,2,2110,4140,2,0,0,3,9,1710,400,1925,2003,98116,47.5836,-122.387,1440,72.5
3,2.75,3080,19635,1,0,2,4,7,1610,1470,1958,0,98032,47.3841,-122.284,2424,29.9
2,1.5,1490,5750,1.5,0,0,4,7,1190,300,1900,0,98116,47.5872,-122.39,1590,62.5
3,2.5,2120,4500,2,0,0,3,7,2120,0,2000,0,98065,47.5322,-121.88,2530,43.75
4,2.5,3180,5438,2,0,0,3,9,3180,0,2003,0,98065,47.5416,-121.864,3030,65
2,1,1490,3825,1,0,0,3,7,860,630,1929,0,98117,47.6799,-122.381,1460,47.5
3,2,1930,11947,1,0,0,4,8,1930,0,1966,0,98042,47.3672,-122.151,2200,34.2
4,2.5,2770,7800,2,0,0,3,10,2770,0,1999,0,98033,47.684,-122.205,2720,120
3,1.5,1670,11610,1,0,0,4,7,1670,0,1963,0,98055,47.4404,-122.191,1930,28
2,1.75,1330,7200,1,0,0,3,7,1330,0,1993,0,98188,47.4467,-122.281,1450,24
3,1,1210,3328,1.5,0,0,4,7,1210,0,1924,0,98107,47.6729,-122.363,1640,52.9
3,1,1190,5100,1,0,0,4,7,1030,160,1941,0,98136,47.5346,-122.385,1690,44.2
2,1,1540,6872,1,0,0,4,7,820,720,1946,0,98119,47.6454,-122.373,1420,61.5
4,3.75,4030,10800,2,0,0,3,10,4030,0,2006,0,98033,47.6821,-122.196,2160,149
4,1.75,2430,7559,1,0,0,4,8,1580,850,1981,0,98052,47.7206,-122.11,1980,58.5
4,2.5,2600,7787,2,0,0,3,8,2600,0,2005,0,98059,47.4877,-122.139,2830,48
5,3.5,4410,57063,2,0,0,4,9,4410,0,1990,0,98053,47.6554,-122.018,2900,110
4,1,1330,8184,1.5,0,0,3,7,1330,0,1949,0,98133,47.7343,-122.347,1220,29
3,1.75,1900,5000,1,0,0,5,7,950,950,1951,0,98116,47.5789,-122.393,1770,61.5
2,1,1100,7680,1,0,0,4,7,1100,0,1950,0,98133,47.7439,-122.339,1460,30
3,1,1980,39150,1.5,0,0,3,6,1580,400,1932,0,98030,47.3818,-122.225,1860,30.8
3,2.5,2400,7745,2,0,0,3,9,2400,0,2001,0,98033,47.6734,-122.173,2080,75
4,2.25,4760,8036,2.5,0,0,5,9,3390,1370,1916,0,98112,47.6415,-122.285,2950,225
4,3.25,3180,194278,2,0,0,3,10,3180,0,2005,0,98059,47.4711,-122.084,2200,89
3,1,1190,7560,1,0,0,5,6,1190,0,1958,0,98058,47.452,-122.177,1190,28.8
2,1,630,6000,1,0,0,3,6,630,0,1943,2005,98178,47.4973,-122.221,1470,19
5,3,2530,5105,1,0,0,3,8,1520,1010,2005,0,98133,47.7546,-122.341,2290,51.5
4,1.5,1690,11054,1,0,0,4,5,1690,0,1930,0,98055,47.4667,-122.215,1690,23.5
2,1,940,5000,1,0,0,3,6,940,0,1951,0,98126,47.5186,-122.374,940,27.5
2,2,1240,9119,1,0,0,4,7,1240,0,1952,0,98004,47.6221,-122.193,1380,72.75
4,2.5,3040,6587,2,0,0,3,7,3040,0,2003,0,98053,47.683,-122.039,2740,65
6,5,6050,230652,2,0,3,3,11,6050,0,2001,0,98024,47.6033,-121.943,4210,160
4,1,1590,7085,1.5,0,0,3,6,1590,0,1944,0,98125,47.7315,-122.305,1320,36.5
3,1.75,2500,36947,1,0,0,3,9,2500,0,1984,0,98052,47.6917,-122.084,2590,66.2
3,2.5,1780,7848,1,0,0,3,7,1320,460,1978,0,98038,47.3608,-122.056,1680,27.05
2,1.5,1360,1898,2,0,0,3,7,1360,0,1978,0,98092,47.2852,-122.19,1360,20
4,3.25,4740,76230,2,0,0,3,10,4740,0,1987,0,98075,47.5931,-122.071,3340,97
3,1.5,1010,9600,1,0,0,4,7,1010,0,1962,0,98198,47.4097,-122.316,1400,16
3,1,1040,7405,1,0,0,4,6,1040,0,1971,0,98010,47.3105,-122.021,1580,20.4
3,2.25,1610,6655,2,0,0,4,7,1610,0,1985,0,98058,47.4296,-122.161,1780,35.8
4,1.75,1570,8268,1,0,0,3,7,1570,0,1979,0,98011,47.7373,-122.197,1870,45.2
2,2,1510,4000,1,0,0,4,7,1010,500,1900,0,98103,47.6582,-122.345,1920,59.5
3,2,1360,6082,1,0,0,3,7,1360,0,1994,0,98042,47.3577,-122.16,1360,24.9
4,2.5,1970,5106,2,0,0,3,8,1970,0,1999,0,98055,47.449,-122.205,2230,34.69
3,2.5,5403,24069,2,1,4,4,12,5403,0,1976,0,98166,47.4169,-122.348,3980,213
4,2.5,1560,4350,2,0,0,3,7,1560,0,2003,0,98056,47.5025,-122.186,1560,28
4,1.75,2320,12000,1,0,0,4,8,2270,50,1973,0,98032,47.3644,-122.28,2120,31.8888
3,2.25,2120,40518,1,0,0,3,8,2120,0,1967,0,98075,47.5896,-122.009,2480,53
3,2.25,2120,18500,2,0,0,4,8,2120,0,1983,0,98031,47.3914,-122.169,2120,37.5
4,2.5,3350,29242,2,0,0,3,11,3350,0,1988,0,98052,47.7197,-122.131,3920,91
4,2.5,2380,9614,2,0,0,4,10,2380,0,1991,0,98006,47.5623,-122.116,2560,78.2
2,2,1070,649,2,0,0,3,9,720,350,2008,0,98106,47.5213,-122.357,1070,25.995
4,2.75,2300,18360,1,0,0,4,7,1560,740,1979,0,98058,47.4518,-122.16,1870,31.5
2,1,1320,8865,1,0,0,4,6,1320,0,1943,0,98168,47.4949,-122.3,1190,21.5
3,1.75,2180,10221,1,0,2,4,7,1140,1040,1946,0,98040,47.5885,-122.248,2180,70.5
3,3,4380,6320,2,0,3,5,10,3580,800,1952,0,98199,47.6452,-122.411,3080,145
3,1.75,1790,9813,2,0,0,3,7,1790,0,1949,0,98155,47.749,-122.305,1520,45.1
2,1,750,8125,1,0,0,4,6,750,0,1943,0,98055,47.4727,-122.198,1340,26.1
3,1.5,1300,8280,1,0,0,5,7,1300,0,1956,0,98028,47.7403,-122.256,1570,39.6
4,2.5,2990,29170,2,0,3,3,9,2990,0,1999,0,98059,47.5146,-122.117,3715,72.5
7,3.5,4640,15235,2,0,1,3,11,2860,1780,1965,2003,98040,47.5666,-122.231,3230,195
4,1,1400,7242,1.5,0,0,3,7,1400,0,1959,0,98188,47.4339,-122.291,1310,23.8
6,1.75,2750,9563,2,0,0,4,8,2750,0,1973,0,98052,47.6368,-122.097,2040,75
4,2.5,2050,10271,2,0,0,3,7,2050,0,1998,0,98042,47.3628,-122.075,2050,33.15
4,3,2230,108900,1,0,0,3,7,1410,820,1978,0,98065,47.52,-121.845,1960,46
4,2.25,2340,217014,1,0,0,4,8,2340,0,1982,0,98092,47.2953,-122.083,2340,40.495
3,2.5,2870,5163,2,0,0,3,9,2870,0,2014,0,98103,47.6935,-122.352,1630,88
4,2.5,4120,22370,2,0,0,3,10,4120,0,1997,0,98074,47.6239,-122.023,3180,86.3
3,1.75,2080,9162,1,0,0,3,7,1370,710,1960,0,98005,47.5846,-122.168,1870,63.87
3,2.5,1840,5680,2,0,0,3,7,1840,0,2008,0,98053,47.6969,-122.026,1600,43.5
3,1,1180,5350,1.5,0,0,4,6,1180,0,1959,0,98178,47.505,-122.259,1490,26
5,2.75,2160,4000,1.5,0,0,5,7,1530,630,1927,0,98105,47.667,-122.289,2040,67.15
3,1,1180,3400,1.5,0,0,3,8,1180,0,1907,0,98109,47.6376,-122.353,1440,61
2,0.75,1160,15029,1,0,0,4,6,870,290,1937,0,98014,47.6929,-121.87,1870,40.5
4,2.5,1830,5612,2,0,0,3,7,1830,0,2003,0,98038,47.3572,-122.015,1830,33.89
4,4,3200,7708,2,0,0,3,10,3200,0,2004,0,98075,47.5816,-121.97,3480,72
5,3,2560,5445,1.5,0,0,4,7,1760,800,1927,0,98108,47.5502,-122.311,1080,44.2
5,2.75,2550,5040,1.5,0,0,5,8,2550,0,1902,0,98122,47.6136,-122.299,1590,65
3,1.75,1330,9917,1,0,0,3,7,1040,290,1981,0,98058,47.4478,-122.161,1330,26.35
2,1,1220,75794,1,0,0,4,7,1220,0,1963,0,98038,47.4219,-122.007,2010,30
3,2.5,1805,3402,2,0,0,3,7,1805,0,2009,0,98002,47.3521,-122.212,2095,26.6
4,4,6050,84942,2.5,0,2,3,9,4150,1900,2009,0,98077,47.7466,-122.029,2700,93
4,2.5,2320,5493,2,0,0,3,8,2320,0,2004,0,98028,47.7727,-122.229,2450,53
3,1,1384,8960,1,0,0,4,6,1384,0,1965,0,98023,47.3062,-122.371,1000,18
3,2.5,2720,6439,2,0,0,3,9,2720,0,2005,0,98065,47.5422,-121.86,3180,61.9
3,1.5,1820,10608,1,0,0,4,7,1820,0,1962,0,98003,47.3366,-122.306,1380,26.4
2,2.25,2130,4920,1.5,0,4,4,7,1530,600,1941,0,98116,47.573,-122.409,2130,73
4,2.25,2060,10070,2,0,0,3,7,2060,0,1975,0,98034,47.7258,-122.177,2060,43.9
4,1.75,1420,7500,1,0,0,4,7,1080,340,1981,0,98031,47.4025,-122.176,1500,26.85
3,1.75,1510,15744,1,0,0,3,7,1510,0,1985,0,98045,47.476,-121.755,1470,33
3,2.5,2160,4000,1.5,0,0,3,8,1960,200,1903,2013,98122,47.6045,-122.307,2160,64
3,2.5,3180,12600,2,0,0,4,11,3180,0,1978,0,98074,47.6366,-122.058,3030,90
3,2.25,2110,13300,2,0,0,4,8,2110,0,1985,0,98038,47.3725,-122.06,2470,37
3,2,2060,2900,1.5,0,0,5,8,1330,730,1931,0,98144,47.5897,-122.292,1910,68.5
3,1.5,1830,217800,1,0,0,3,7,1010,820,1981,0,98053,47.6277,-121.972,2450,50.5
3,1.75,1820,32666,1,0,0,4,7,1820,0,1966,0,98022,47.1803,-121.974,2050,26.5
3,2.5,1610,2937,2,0,0,3,8,1610,0,2006,0,98055,47.4489,-122.188,1610,29
4,2.5,1780,3600,2,0,0,3,7,1780,0,2006,0,98038,47.3665,-122.017,2020,29.6
4,2.5,1840,9611,2,0,0,3,7,1840,0,1996,0,98178,47.4964,-122.251,1830,36
3,1.75,1460,10584,1,0,0,3,7,990,470,1997,0,98168,47.492,-122.317,1220,24.05
2,2.5,1400,2958,2,0,0,3,8,1400,0,2007,0,98126,47.5496,-122.373,1540,37.25
3,2.5,3370,14402,2,0,2,3,9,3370,0,2004,0,98045,47.5008,-121.776,3330,59.5
4,3,3590,8249,2,0,0,3,9,3590,0,1997,0,98023,47.2846,-122.341,2860,51.5
4,2.25,3200,15367,2,0,0,4,9,3200,0,1962,0,98040,47.5494,-122.216,3070,122
2,1.75,1670,6460,1,0,0,3,8,1670,0,2004,0,98053,47.7123,-122.027,2170,50.7
4,2,2420,31465,1,0,0,3,9,2420,0,1984,0,98092,47.3131,-122.115,2560,39.995
3,1.75,1430,10816,2,0,0,3,7,1430,0,1994,0,98010,47.3122,-121.996,1560,18.5
3,1.75,1440,7070,1,0,0,3,7,1440,0,1980,0,98052,47.6947,-122.125,1440,46
3,2.25,1450,4789,2,0,0,3,7,1450,0,1985,0,98029,47.5665,-122.018,1560,43.55
4,2.75,3550,13938,1,0,0,5,8,2100,1450,1966,0,98188,47.425,-122.283,2050,46.9
2,3,1270,1175,2,0,0,3,8,1110,160,2000,0,98103,47.6634,-122.34,1290,53.1
2,1,940,6804,1,0,0,3,7,940,0,1949,0,98177,47.7047,-122.373,1150,44.35
3,2,1670,6824,1,0,0,3,7,1300,370,1990,0,98042,47.3666,-122.084,1660,22.3
4,3.5,3100,15842,2,0,0,3,8,2400,700,1996,0,98028,47.7466,-122.242,2200,59
2,2.5,1100,1760,3,0,0,3,7,1100,0,1997,0,98103,47.6972,-122.35,1200,34
3,2,1870,3388,1,0,0,4,8,1230,640,1925,0,98199,47.6372,-122.395,1780,65
3,2.5,1930,5080,2,0,0,4,8,1930,0,1990,0,98029,47.5694,-122.001,2190,53.36
3,2.75,2540,4694,2,0,0,3,9,2540,0,2005,0,98074,47.6214,-122.024,2600,69.5
3,1.75,1280,7524,1.5,0,0,4,7,1280,0,1988,0,98031,47.3961,-122.188,1500,24.2
3,2.25,1820,8814,1,0,0,3,7,1280,540,1967,0,98125,47.7162,-122.309,1810,42.5
3,2.25,1490,9414,2,0,0,3,7,1490,0,1981,0,98052,47.6844,-122.113,1290,52.5
3,2.5,1880,5502,2,0,0,3,8,1880,0,1988,0,98029,47.5737,-122.018,2040,48.5
3,1,1250,9775,1,0,0,3,7,1250,0,1971,0,98045,47.4474,-121.771,1390,17.5
3,2,1440,7210,1,0,0,3,8,1440,0,1983,0,98092,47.3128,-122.184,1700,21
3,2.5,1920,7415,2,0,0,3,7,1920,0,1989,0,98031,47.4022,-122.171,1930,26
3,2.5,2060,5750,1,0,0,3,7,1330,730,1976,0,98116,47.5671,-122.391,1920,57.7
3,1.5,1210,10588,1,0,0,4,7,1210,0,1958,0,98002,47.2876,-122.212,1408,20
2,1.75,1760,5000,1,0,0,4,7,940,820,1927,0,98117,47.682,-122.372,1530,60.5
3,1,990,6750,1,0,0,4,6,990,0,1947,0,98133,47.7125,-122.331,1440,32.5
3,1,960,6400,1,0,0,4,6,820,140,1944,0,98178,47.496,-122.239,1200,28.95
3,2.5,1660,1458,3,0,0,3,9,1660,0,2014,0,98144,47.5876,-122.309,1660,55.995
3,1.75,1900,9375,1,0,1,4,8,1330,570,1941,0,98115,47.6821,-122.273,2760,104
3,2.25,1270,2790,1,0,0,3,7,990,280,1970,0,98199,47.6581,-122.396,1920,54.35
4,2.25,3250,34293,2,0,0,4,9,3250,0,1983,0,98042,47.3496,-122.094,3110,48
3,1,960,9633,1,0,0,5,6,960,0,1982,0,98022,47.1951,-122.001,1080,21.8
2,1.75,1330,6000,1,0,0,4,7,960,370,1914,1945,98199,47.6539,-122.396,1620,56.5
3,1.75,2080,7700,1,0,0,5,7,1600,480,1968,0,98056,47.5375,-122.178,1680,42.67
3,2.5,2690,11575,1,0,3,3,8,2130,560,1957,0,98028,47.7605,-122.267,2390,65
2,1,890,3060,1,0,0,3,7,770,120,1910,0,98105,47.6663,-122.326,1760,54.2
3,1.75,1070,8000,1,0,0,3,7,1070,0,1977,0,98052,47.6978,-122.13,1200,41.5
3,1,1200,8316,1,0,0,4,6,1200,0,1953,0,98002,47.3221,-122.215,1200,21.4
3,1.5,1360,8910,2,0,0,5,7,1360,0,1949,0,98188,47.4488,-122.275,1220,24.5
3,2,2050,13303,1,0,0,3,8,2050,0,1993,0,98003,47.2681,-122.31,2180,31.45
3,1.5,3000,5750,2,0,0,5,9,2000,1000,1924,0,98116,47.5821,-122.39,1820,112
2,2,1300,3850,1,0,0,3,7,800,500,1963,0,98136,47.5395,-122.39,950,37.8
4,2.5,2250,9091,1,0,0,3,7,1340,910,1982,0,98001,47.336,-122.269,1540,30.5
5,2.75,3740,6750,1,0,0,4,8,1980,1760,1978,0,98028,47.7679,-122.261,2620,59.5
3,2.5,1660,1091,3,0,1,3,9,1530,130,2015,0,98116,47.5818,-122.402,1510,72.95
3,2.5,2360,6699,2,0,0,3,7,2360,0,2003,0,98065,47.5317,-121.853,2360,43
3,1.75,1760,6500,1,0,0,3,7,1150,610,1987,0,98038,47.3647,-122.05,1760,24
3,1.75,1680,6200,1.5,0,0,3,7,1680,0,1916,0,98136,47.5338,-122.384,1680,54.5
3,1.75,1320,2500,1,0,0,3,7,870,450,1918,0,98105,47.6681,-122.305,1580,53
1,1,870,26326,1,0,0,3,6,870,0,1939,0,98198,47.4152,-122.3,1250,15.7
4,1,1260,7645,1.5,0,0,3,6,1260,0,1925,0,98146,47.5044,-122.35,1170,42.5
3,1,1000,6020,1,0,0,3,6,1000,0,1944,0,98166,47.4793,-122.346,1300,22
4,1.75,2020,36400,1,0,0,4,8,1550,470,1976,0,98077,47.7627,-122.076,2520,52.1
3,1,1920,6862,1,0,2,3,7,1120,800,1952,0,98118,47.5193,-122.274,2000,32.5
3,2,2150,5400,1.5,0,0,4,7,1380,770,1911,0,98126,47.555,-122.379,1940,59.75
3,2.5,1470,3976,2,0,0,3,7,1470,0,1999,0,98065,47.526,-121.826,1490,33.7
3,2.5,3180,10492,2,0,2,3,10,3180,0,1991,0,98052,47.655,-122.124,3000,100
3,2.5,3930,55867,1,1,4,4,8,2330,1600,1957,0,98034,47.7022,-122.224,2730,307
3,1,990,6000,1,0,0,3,6,990,0,1943,0,98105,47.6718,-122.267,1250,49.5
4,3.5,2770,3330,2,0,0,3,8,1970,800,2001,0,98052,47.6327,-122.109,2180,74.8
3,1.5,1250,8710,1,0,0,4,7,1250,0,1953,0,98004,47.6245,-122.198,1750,88.8
3,1.75,1140,22267,1,0,0,3,7,1140,0,1986,0,98045,47.4761,-121.758,1150,26.99
4,2.5,2250,14440,1,0,0,3,7,1550,700,1967,0,98027,47.5221,-122.045,2090,49.65
3,2.5,1640,5097,2,0,0,3,7,1640,0,1969,0,98155,47.7522,-122.278,1880,47.5
3,1.5,1255,1374,3,0,0,3,7,1255,0,2004,0,98125,47.7145,-122.311,1307,31.2
3,1,1290,12231,1,0,0,3,7,1290,0,1976,0,98072,47.7404,-122.11,1390,32.3
3,1.75,1300,9079,1,0,0,3,7,1300,0,1986,0,98059,47.4834,-122.159,1890,33.1
3,1.5,1220,1086,3,0,0,3,8,1220,0,2007,0,98133,47.7049,-122.353,1220,30.6
4,2.5,2630,4000,3,0,0,3,8,2630,0,2002,0,98117,47.6915,-122.381,1640,65.5
3,1.5,1950,15954,1,0,0,4,8,1950,0,1959,0,98003,47.336,-122.319,1940,29
4,3.25,3160,5000,2,0,0,5,9,2360,800,1965,0,98105,47.6597,-122.274,2220,125
3,1.75,1550,4708,1,0,0,4,7,860,690,1949,0,98115,47.6759,-122.286,1880,46
4,2.5,1700,6380,1,0,0,4,7,850,850,1940,0,98115,47.6988,-122.319,1380,43.5
4,2.75,2510,11880,1,0,0,5,8,1630,880,1978,0,98006,47.5427,-122.181,2390,66.4
4,1.75,1800,4180,2,0,3,4,8,1800,0,1921,0,98102,47.6462,-122.318,2180,86.5
3,1.75,1800,18000,1,0,0,3,8,1200,600,1968,0,98058,47.4406,-122.146,1800,38.5
3,2.25,1870,9315,1,0,0,3,7,1350,520,1975,0,98034,47.705,-122.202,2230,49.7
2,1,1010,3000,1,0,0,4,7,1010,0,1925,0,98045,47.4965,-121.785,1150,28
2,1.5,1120,17487,1,0,0,3,6,1120,0,1924,0,98178,47.5024,-122.271,1690,18.8
3,1,2090,4755,1,0,2,3,8,1200,890,1969,0,98136,47.5304,-122.387,1850,47.85
4,3.5,4370,18361,2,0,0,3,11,4370,0,2001,0,98065,47.544,-121.872,4190,115
3,2,1440,7187,1,0,0,4,7,970,470,1981,0,98023,47.291,-122.368,1440,22.2
4,3,2580,209523,2,0,0,3,8,2580,0,1984,0,98053,47.6932,-122.006,3440,79.9
4,2.5,3190,7399,2,0,0,3,10,3190,0,2006,0,98038,47.3558,-122.004,3250,60.99
4,3.5,2380,5809,2,0,0,4,7,1750,630,1995,0,98106,47.5536,-122.359,1620,41.3
4,1,1420,4875,1.5,0,0,3,7,1420,0,1930,0,98115,47.6942,-122.321,1110,40
5,2.75,2990,6768,2,0,0,3,9,2990,0,2014,0,98006,47.5462,-122.182,2870,80.2541
3,2.5,2680,7757,2,0,0,3,8,2680,0,1990,0,98023,47.2918,-122.346,2430,32
4,2.5,2730,7649,2,0,0,3,7,2730,0,2006,0,98065,47.5441,-121.882,2730,50.7
3,1,1220,8329,1,0,0,3,6,1220,0,1946,0,98115,47.6982,-122.298,1490,38.75
3,1,1500,12616,1,0,0,3,7,1500,0,1967,0,98072,47.7415,-122.101,1820,39.6
3,1.75,1830,11788,1,0,1,3,8,1430,400,1958,0,98055,47.4862,-122.224,2140,37.3
5,2.5,4570,19252,2,0,0,5,10,4570,0,1965,0,98040,47.5553,-122.22,3180,148
4,2.25,2470,7698,2,0,0,3,8,2470,0,1983,0,98058,47.4406,-122.141,2330,35.99
2,1,800,4342,1,0,0,3,6,670,130,1927,0,98115,47.6997,-122.316,1210,41
4,2.5,2900,23488,2,0,0,3,9,2900,0,1992,0,98053,47.6726,-122.03,2900,69
3,2,1410,5760,1,0,0,3,7,1410,0,1985,0,98030,47.3702,-122.185,1670,24.5
5,2.5,2830,25958,1,0,1,5,8,1610,1220,1979,0,98075,47.5896,-122.083,2670,70
4,1.75,1680,9966,1,0,0,3,7,1100,580,1977,0,98198,47.3923,-122.311,2400,26.8
3,1.75,1760,26055,1,0,0,3,7,920,840,1979,0,98042,47.3664,-122.1,1350,22.5
4,2.25,2240,11034,2,0,0,3,8,2240,0,1976,0,98004,47.5894,-122.195,2300,98
2,1,1380,5000,1.5,0,2,3,5,1380,0,1905,0,98106,47.5708,-122.359,1500,79.5
2,1,820,5100,1,0,0,3,6,820,0,1953,0,98118,47.5156,-122.262,1170,19.5
4,2,2180,10575,1,0,0,2,6,1730,450,1950,0,98005,47.589,-122.177,2180,48
4,2,1400,3600,1,0,0,3,7,1100,300,1900,0,98119,47.6385,-122.37,1630,48.5
2,1,880,9000,1,0,0,3,5,880,0,1928,0,98188,47.4672,-122.291,1410,13
2,1,1060,5703,1,0,2,4,6,1060,0,1946,0,98198,47.3444,-122.327,2240,32.5
3,1.75,1530,7245,1,0,0,4,7,1530,0,1984,0,98034,47.731,-122.191,1530,44
4,1.75,2480,14782,1,0,3,3,8,1460,1020,1958,0,98155,47.7646,-122.271,2910,55
3,1.75,1490,7150,1,0,0,5,6,1490,0,1967,0,98059,47.5015,-122.124,1350,31
3,2.5,3660,39478,2,0,2,4,9,3260,400,1989,0,98022,47.2413,-121.972,2700,53
4,2.5,2340,8548,2,0,0,3,8,2340,0,1993,0,98031,47.4206,-122.183,1970,39
3,1.75,1450,12125,1,0,0,4,7,1450,0,1981,0,98001,47.3575,-122.28,1210,24.3
4,2.5,2210,9875,2,0,0,3,9,2210,0,1990,0,98074,47.6285,-122.025,2440,63.9
4,1,1130,7400,1,0,0,4,7,1130,0,1969,0,98003,47.3437,-122.316,1540,21.5
5,1.75,1550,10500,1,0,0,3,7,1100,450,1961,0,98011,47.7573,-122.22,1420,40.5
4,1.75,1710,7140,1,0,0,5,7,1010,700,1968,0,98032,47.3745,-122.275,1770,25
3,1.5,1010,8108,1,0,0,5,7,1010,0,1954,0,98155,47.7359,-122.309,1300,40.55
6,2.25,2660,13579,2,0,0,3,7,2660,0,1937,1990,98125,47.7142,-122.286,1120,45.2
6,2.25,2660,13579,2,0,0,3,7,2660,0,1937,1990,98125,47.7142,-122.286,1120,73
3,2,1300,9644,1,0,0,3,7,1300,0,1994,0,98010,47.3131,-121.998,1430,26.7
3,2.5,1670,6186,2,0,0,3,7,1670,0,2002,0,98038,47.3668,-122.031,2390,28.995
2,1,960,4080,1,0,0,5,7,960,0,1911,0,98103,47.6893,-122.349,1300,56.5
4,3.25,4670,51836,2,0,0,4,12,4670,0,1988,0,98005,47.635,-122.164,4230,158
3,2.5,2140,2770,2,0,0,3,8,1770,370,2007,0,98052,47.6664,-122.131,2510,63.6
5,3,2520,5500,1,0,0,3,8,1550,970,2004,0,98178,47.4938,-122.255,1700,35
3,1.5,1650,9380,1,0,0,5,7,1130,520,1978,0,98058,47.4525,-122.162,1720,32
2,1.75,1440,5680,1,0,0,4,8,1440,0,1978,0,98198,47.3825,-122.319,1320,21
2,1,1050,5900,1,0,0,3,7,1050,0,1950,0,98126,47.5326,-122.376,1280,24.5
3,1.75,1470,7650,1,0,0,3,7,1130,340,1983,0,98059,47.4818,-122.161,1590,32.8
4,2.25,4230,37769,2,0,0,3,11,4230,0,1989,0,98077,47.7287,-122.077,3890,98.5
3,1.75,1970,7972,1,0,3,5,8,1370,600,1976,0,98055,47.4908,-122.225,2460,50.1
3,2.25,1540,17424,2,0,0,3,7,1540,0,1992,0,98045,47.4429,-121.759,1560,31.5
3,2.75,2090,8354,2,0,0,3,8,2090,0,2012,0,98019,47.7336,-121.965,2280,40.3
3,2,2380,17950,2,0,0,4,8,2110,270,1934,0,98155,47.7591,-122.28,2030,55
4,2.5,2156,3562,2,0,0,3,9,2156,0,2012,0,98030,47.3591,-122.201,1708,34.75
4,2.25,2070,8893,2,0,0,4,8,2070,0,1986,0,98058,47.4388,-122.162,2390,36.5
3,1,1910,8167,1,0,0,4,8,1270,640,1951,0,98117,47.7004,-122.368,1500,58.8
3,1.75,1920,7400,1,0,0,4,8,1260,660,1977,0,98006,47.5633,-122.131,2360,60.5
3,3.25,3400,5979,2,0,0,4,9,2290,1110,1937,0,98105,47.6585,-122.273,3090,130
3,2,1400,9177,1,0,0,3,7,1400,0,1974,0,98001,47.3415,-122.272,2020,23.3
4,2.5,2210,17715,2,0,0,3,8,2210,0,1997,0,98030,47.3818,-122.2,2210,36
2,1.75,1170,4887,1,0,0,3,6,1020,150,1929,0,98117,47.695,-122.366,1170,45.9
3,2,2100,72745,1,0,0,4,9,2100,0,1995,0,98077,47.7479,-122.062,2290,74
3,1,1160,9750,1,0,0,3,7,1160,0,1967,0,98077,47.7422,-122.073,1160,30.5
3,1,1500,4000,1,0,0,3,6,900,600,1925,0,98117,47.6921,-122.38,950,39.5
4,2.5,2940,6000,2,0,0,3,8,2940,0,2000,0,98011,47.7533,-122.198,2510,56
4,1.75,2010,5070,1,0,1,4,7,1300,710,1963,0,98116,47.5793,-122.402,2180,65
3,2.5,2170,4912,2,0,0,3,7,2170,0,2003,0,98028,47.7767,-122.239,2010,44.995
3,1.5,1430,5200,1,0,3,4,7,1250,180,1940,0,98117,47.6988,-122.387,2210,51.75
4,1.5,1510,6460,1,0,0,3,7,1070,440,1970,0,98034,47.7121,-122.214,1450,43.5
3,1,1150,6908,1,0,0,3,6,800,350,1952,0,98155,47.7447,-122.313,1150,32.9999
3,1.75,2150,4200,1,0,4,5,8,1140,1010,1960,0,98116,47.5671,-122.405,2510,95
3,1,1370,6001,1,0,0,5,7,1230,140,1944,0,98108,47.5646,-122.317,1370,44.7
2,2.5,2380,6600,1,0,0,3,8,2380,0,2010,0,98053,47.717,-122.02,1870,69.98
3,1.75,1370,3850,1,0,0,5,7,770,600,1911,1988,98112,47.6374,-122.279,1390,85
3,1.75,1600,14250,1,0,0,3,7,1070,530,1979,0,98023,47.3272,-122.355,2140,31.65
5,3.5,3750,9612,1,0,2,4,9,2030,1720,1981,0,98006,47.5511,-122.157,3270,94.25
2,2.25,3950,3938,2,0,4,3,10,2910,1040,1991,0,98116,47.5912,-122.384,3220,131
4,2.25,2400,13430,1,0,0,4,9,2400,0,1964,0,98005,47.5987,-122.178,2580,85.66
5,1.5,2830,4000,2.5,0,0,4,8,2830,0,1918,0,98118,47.5132,-122.262,1480,40.56
4,2.5,2440,22594,2,0,0,3,8,2440,0,1996,0,98053,47.6333,-121.97,2560,56.5
3,2.25,1190,1149,2,0,0,3,8,1050,140,2008,0,98116,47.5818,-122.387,1210,40
3,2,1400,218252,1,0,0,3,7,1400,0,1997,0,98019,47.7576,-121.934,2230,33
4,2.75,2730,4683,2,0,0,3,7,2730,0,2005,0,98038,47.3608,-122.043,2230,37.495
3,2.75,2390,7939,1,0,0,5,7,1610,780,1983,0,98056,47.4987,-122.166,1920,40.53
3,2.25,2060,31400,2,0,0,3,8,2060,0,1984,0,98074,47.6216,-122.056,2160,56
4,2.25,2490,9864,1,0,0,4,8,1290,1200,1961,0,98004,47.6051,-122.195,2360,82.4
3,1.75,1100,10968,1,0,0,5,7,1100,0,1984,0,98042,47.363,-122.08,1400,26
4,2.5,2430,6099,1,0,0,5,8,1470,960,1965,0,98115,47.6777,-122.287,2180,76
3,2.5,3170,12750,2,0,0,3,10,2360,810,1995,0,98023,47.3384,-122.336,2970,40.5
4,2.5,2640,8625,2,0,0,3,8,2640,0,1987,0,98058,47.4598,-122.15,2240,42.99
3,1.5,1130,7223,1,0,0,4,7,1130,0,1961,0,98056,47.5089,-122.189,1320,34.15
5,2,1940,7642,1.5,0,0,3,7,1940,0,1957,0,98177,47.7751,-122.38,1940,46.525
2,2,1100,3000,1.5,0,0,3,7,1100,0,1912,2005,98117,47.6797,-122.362,1390,45
3,1,1200,10800,1,0,0,4,7,1200,0,1955,0,98006,47.5771,-122.144,1370,39
3,2.25,2000,8030,1,0,0,4,8,1000,1000,1963,0,98008,47.6188,-122.114,2070,42
3,2.5,1890,4838,2,0,0,3,8,1730,160,2002,0,98168,47.4802,-122.279,1910,26.995
4,2,1910,2874,1,0,0,3,7,1060,850,1910,0,98122,47.6101,-122.295,1520,49.3
4,2.5,2710,5880,2,0,0,3,9,2710,0,1998,0,98092,47.3314,-122.172,2520,37
5,4.25,4860,9453,1.5,0,1,5,10,3100,1760,1905,0,98112,47.6196,-122.286,3150,225
3,1,1250,23680,1,0,0,5,7,1250,0,1967,0,98059,47.475,-122.11,1450,30.5
3,1.75,1590,8219,1.5,0,0,5,6,970,620,1938,0,98034,47.7146,-122.217,2030,40
3,1.5,1240,1221,2,0,0,3,8,1050,190,2009,0,98133,47.7073,-122.356,1180,32
4,1,2000,4800,2,0,0,4,7,2000,0,1911,0,98103,47.6583,-122.351,1260,71.5
6,2.75,3610,10003,1.5,0,0,4,8,3610,0,1966,0,98008,47.6261,-122.125,2560,65
5,1.75,1930,8040,1,0,0,4,8,1930,0,1966,0,98023,47.3109,-122.376,2370,21.8
2,1,1280,5400,1,0,0,3,7,1280,0,1964,0,98117,47.6949,-122.371,1540,50
4,2,2090,40419,1,0,0,4,7,2090,0,1984,0,98027,47.4691,-121.993,2380,46
3,1.5,1940,9887,1,0,0,4,7,1140,800,1969,0,98003,47.3289,-122.327,1410,23.25
3,2.5,1800,5761,2,0,0,4,7,1800,0,1990,0,98106,47.5293,-122.363,1800,40.82
3,1.75,1730,8400,1,0,0,4,7,1400,330,1980,0,98052,47.6792,-122.115,1830,52.2
4,2.5,2810,11120,2,0,0,3,9,2810,0,1982,0,98074,47.6337,-122.044,3100,67.5
4,3.5,3550,11000,1,0,2,3,11,2260,1290,1999,0,98006,47.5506,-122.134,4100,136
4,1,1330,7980,1.5,0,0,3,6,1330,0,1952,0,98168,47.492,-122.333,1570,24.995
2,1,750,34133,1,0,0,3,6,750,0,1950,0,98168,47.4781,-122.294,1460,21
4,1,1760,7216,1,0,0,3,7,1090,670,1947,0,98133,47.7041,-122.355,1180,42.995
4,2.5,3200,36276,2,0,0,3,9,3200,0,1993,0,98053,47.6304,-121.994,2930,73.75
4,2,1740,9000,1,0,0,5,8,1740,0,1958,0,98033,47.6815,-122.198,1850,71
3,2.5,2100,4700,2,0,0,3,8,2100,0,1999,0,98065,47.5341,-121.867,2100,47
4,3.5,4270,40097,1,0,0,4,12,4270,0,1993,0,98077,47.7354,-122.078,3510,110
3,2,1340,2720,1.5,0,0,3,7,1340,0,1913,0,98103,47.6518,-122.335,2030,65
4,2.5,3190,8684,1,0,3,5,9,1680,1510,1967,0,98006,47.5619,-122.162,3160,122
3,2.5,1630,4534,2,0,0,3,8,1630,0,1987,0,98034,47.7148,-122.205,1380,42.212
5,2.5,2990,15085,2,0,0,3,9,2990,0,2007,0,98011,47.746,-122.218,3150,62.5
4,1,1550,7740,1.5,0,0,3,6,1550,0,1954,0,98126,47.5222,-122.375,1220,38.52
3,2.25,1690,4964,2,0,0,3,8,1690,0,1989,0,98029,47.5756,-122.01,1800,50
4,2.25,1960,12243,2,0,0,3,8,1960,0,1989,0,98042,47.3405,-122.058,1910,30.8
3,2.75,2390,9966,1,0,0,5,8,1360,1030,1977,0,98006,47.5433,-122.185,2140,56.5
3,2.5,2600,4438,2,0,0,3,7,2600,0,2004,0,98053,47.6799,-122.034,2600,58.1
3,2,1950,8698,1,0,0,3,8,1950,0,1999,0,98042,47.39,-122.153,2330,36.1
3,1,1250,7210,1,0,0,4,7,1250,0,1964,0,98008,47.6329,-122.121,1530,34.5
2,2.25,1180,1253,2,0,0,3,8,840,340,2008,0,98122,47.6124,-122.309,1310,41.9
3,2.5,1680,4308,2,0,0,3,7,1680,0,2004,0,98056,47.4802,-122.179,2160,34.7
4,2.25,2220,36085,2,0,0,3,9,2220,0,1989,0,98075,47.5839,-121.991,3000,62.5
4,4.25,4890,15188,2,0,2,3,11,3090,1800,1999,0,98040,47.5602,-122.227,3470,240
3,3.25,2660,17852,2.5,0,0,3,8,2660,0,2014,0,98010,47.3077,-122.011,1320,37.9
3,1.5,1150,3323,2,0,0,3,7,1150,0,1988,0,98029,47.5707,-122.017,1150,31
2,2,1130,5500,1,0,0,4,6,1130,0,1941,0,98030,47.3839,-122.225,1320,25
5,2.75,2760,5000,2,0,0,3,9,2760,0,2005,0,98059,47.539,-122.188,2870,68.2
3,2,1430,8919,1,0,0,3,7,1430,0,1992,0,98022,47.2118,-121.983,1580,24.65
3,1,1490,57381,1.5,0,0,4,5,1490,0,1932,0,98092,47.2597,-122.228,1580,32.5
4,2.5,2030,4997,2,0,0,3,8,2030,0,2004,0,98031,47.393,-122.184,2095,31.095
3,2,3010,5000,2,0,2,5,9,1890,1120,1931,0,98199,47.6347,-122.396,2688,110
3,1,1810,7200,1,0,0,4,7,1130,680,1954,0,98133,47.7493,-122.351,1810,28.75
3,1,1810,7200,1,0,0,4,7,1130,680,1954,0,98133,47.7493,-122.351,1810,43.1
3,1,970,5000,1,0,0,3,6,970,0,1968,0,98118,47.5282,-122.279,1290,22.6
3,1.75,2010,3090,1.5,0,0,5,7,1510,500,1926,0,98103,47.682,-122.348,1600,82.5
4,1,1300,6030,1.5,0,0,3,6,1300,0,1947,0,98168,47.4778,-122.286,1240,17.5
3,1.5,1260,10350,1,0,0,3,7,1260,0,1959,0,98008,47.6357,-122.123,1800,46.575
4,2.25,2610,24931,2,0,0,3,8,2610,0,1983,0,98075,47.5771,-122.05,2550,65.9
3,1.75,1910,5753,1,0,3,3,8,1110,800,1941,0,98115,47.6898,-122.327,1630,59.5
3,2.25,1780,16290,2,0,0,4,8,1780,0,1987,0,98058,47.4622,-122.127,1780,35
4,2.25,1900,8600,1,0,0,4,8,1900,0,1975,0,98023,47.3102,-122.381,2120,27
6,2.25,2450,25600,1,0,2,3,7,1340,1110,1957,0,98008,47.6061,-122.117,1850,66.25
3,1.75,1380,14000,1,0,0,4,5,1380,0,1939,1957,98001,47.294,-122.281,1490,24.99
3,1.75,1920,11340,1,0,0,4,7,1230,690,1977,0,98023,47.3272,-122.362,1980,32.45
2,1.75,1350,4003,1,0,0,3,8,1350,0,2004,0,98053,47.7176,-122.033,1350,43
2,1.75,1350,4003,1,0,0,3,8,1350,0,2004,0,98053,47.7176,-122.033,1350,41.995
4,1.75,2510,7440,1,0,2,4,8,1290,1220,1962,0,98032,47.3748,-122.276,1790,28.5
4,2.5,2470,7780,2,0,0,3,8,2470,0,2002,0,98092,47.3337,-122.191,2100,33.2
4,1.75,1660,10725,1,0,0,3,7,960,700,1956,0,98168,47.5033,-122.3,1340,28.2
3,1,1340,5175,1,0,0,3,7,940,400,1987,0,98133,47.7321,-122.34,1020,32
3,1,1620,30736,1.5,0,0,4,7,1620,0,1911,1977,98006,47.5719,-122.119,2440,42.875
3,2.25,2300,35287,2,0,0,3,8,2300,0,1977,0,98022,47.2477,-121.937,1760,33
4,3.5,2000,2309,3,0,0,3,8,2000,0,2008,0,98177,47.7027,-122.361,1440,45.65
3,2.25,1640,11050,1,0,0,4,8,1640,0,1972,0,98059,47.4723,-122.121,1870,35.2
4,2,1530,4080,1.5,0,0,4,7,1530,0,1912,0,98105,47.6645,-122.325,1860,66.4
3,1.75,4000,11894,1,0,0,3,9,2190,1810,1987,0,98011,47.7738,-122.203,2530,62.8
3,1.75,1610,12555,1,0,0,3,7,1080,530,1977,0,98052,47.6618,-122.136,1780,51.2
3,2,2070,9000,1,0,0,4,7,1450,620,1969,0,98023,47.3085,-122.376,1630,25.4
4,2.5,1900,5790,2,0,0,3,8,1900,0,1994,0,98029,47.5691,-121.996,2030,53.58
3,1,1050,16050,1,0,0,4,7,1050,0,1960,1981,98038,47.3841,-122.006,1610,28.7653
3,2.5,1520,1304,2,0,0,3,8,1180,340,2006,0,98136,47.5446,-122.385,1270,43.8
4,1.75,2390,23899,1,0,0,3,7,1750,640,1949,0,98028,47.7557,-122.237,1840,45
5,2.75,2400,8050,2,0,0,3,8,2400,0,1998,0,98092,47.2635,-122.209,2400,32.7
4,2.5,1790,6120,2,0,0,3,7,1790,0,2005,0,98059,47.4829,-122.128,1950,37.05
3,2.5,1720,6271,2,0,0,3,7,1720,0,1993,0,98038,47.3898,-122.049,1570,26.5
4,2.75,2980,13260,1,0,0,4,8,1800,1180,1979,0,98056,47.5152,-122.197,1920,45
3,1,1520,213444,1.5,0,3,5,8,1520,0,1988,0,98027,47.5081,-122.093,2640,42.5
3,1.75,1150,8690,1,0,0,4,7,1150,0,1977,0,98042,47.3729,-122.115,1330,16.66
1,0.75,380,15000,1,0,0,3,5,380,0,1963,0,98168,47.481,-122.323,1170,24.5
3,1,910,5212,1,0,0,3,7,910,0,1951,0,98115,47.6742,-122.284,1520,56.5
3,1.75,1650,10150,1,0,0,3,8,1230,420,1976,0,98033,47.6963,-122.169,1930,53.99
3,3.5,2480,3200,2,0,0,3,10,2480,0,2010,0,98144,47.5951,-122.307,1980,91
4,2.5,2050,7416,2,0,0,3,8,2050,0,1990,0,98092,47.2658,-122.219,2050,28
3,2.25,1420,8549,2,0,0,4,7,1420,0,1989,0,98038,47.3576,-122.039,1560,27.5
3,2.5,3460,6590,2,0,0,3,7,3460,0,2001,0,98056,47.4802,-122.188,2490,46.7
3,2.5,1500,4445,2,0,0,3,8,1500,0,1996,0,98029,47.5682,-122.005,1730,45.75
2,1,1320,3090,1,0,0,4,7,1320,0,1908,0,98118,47.5517,-122.276,1270,38.1156
5,2.5,2180,8240,1,0,0,4,8,1220,960,1977,0,98092,47.3122,-122.191,2050,28.9999
3,1.75,1830,4160,1,0,0,3,7,1230,600,1919,0,98144,47.5962,-122.288,1950,64.245
3,2.25,1620,8701,1,0,0,3,7,1220,400,1962,0,98007,47.6071,-122.137,1600,46.995
3,2,2920,13650,1,0,2,5,8,1460,1460,1975,0,98033,47.6652,-122.188,2920,79.5
4,2.5,3300,10514,2,0,0,3,10,3300,0,1984,0,98074,47.6323,-122.036,2820,78.5
3,2.25,3060,12095,2,0,0,3,10,3060,0,1983,0,98006,47.5611,-122.106,3060,86
0,0,3064,4764,3.5,0,2,3,7,3064,0,1990,0,98102,47.6362,-122.322,2360,110
3,1,1530,8498,1,0,0,3,7,1530,0,1959,0,98031,47.404,-122.203,1380,14.75
3,2,1910,11576,1,0,0,3,7,1410,500,1978,0,98011,47.7356,-122.198,2040,39
3,1,1020,8100,1,0,0,3,7,1020,0,1954,0,98198,47.3586,-122.314,1020,22.9
3,1,1150,8100,1,0,0,3,6,1150,0,1932,0,98168,47.494,-122.307,1120,18.5
3,1.5,1260,9570,1,0,0,3,7,870,390,1941,0,98115,47.7004,-122.305,1620,41.49
4,2,1920,4822,1,0,0,2,6,920,1000,1914,0,98136,47.5507,-122.381,1120,20
4,2.25,1800,9350,1,0,0,3,8,1800,0,1969,0,98092,47.2959,-122.191,2060,22.5
3,1.75,2040,4000,2,0,0,5,7,1360,680,1924,0,98105,47.6675,-122.289,1610,72
4,2.5,2200,4000,2,0,0,5,8,1430,770,1908,0,98119,47.6402,-122.37,2100,93
5,2.5,3200,17204,1,0,0,3,7,2160,1040,1952,0,98004,47.6209,-122.222,4090,127
5,3.25,2400,3118,2,0,0,4,7,1780,620,1928,0,98122,47.6094,-122.291,2100,70
2,1.5,1140,1058,3,0,0,3,7,1140,0,2005,0,98103,47.6608,-122.333,1170,46.6
3,1.5,1330,10640,1,0,0,3,7,1330,0,1976,0,98011,47.7364,-122.193,1460,37.4
3,2.5,1940,10035,2,0,0,4,8,1940,0,1994,0,98072,47.7438,-122.172,2810,48
3,2.5,3000,25341,2,0,0,3,9,3000,0,1995,0,98053,47.6724,-122.013,3000,74
4,1,1820,5400,1.5,0,0,3,8,1820,0,1923,2014,98102,47.6476,-122.318,1820,101
4,2.5,2910,5000,2,0,0,3,8,2910,0,2002,0,98042,47.3782,-122.127,2740,39.5
2,1,1090,6771,1,0,0,3,6,1090,0,1954,0,98106,47.5185,-122.352,1200,34
3,2,1230,1340,2,0,0,3,7,1020,210,2003,0,98106,47.526,-122.361,1260,20.9
5,2.5,1710,7700,1.5,0,0,3,7,1710,0,1962,0,98007,47.5922,-122.146,1530,43.165
5,2.5,3160,11470,1,0,0,4,9,1780,1380,1971,0,98040,47.5368,-122.216,3260,98
3,2.5,2680,28243,2,0,0,3,9,2680,0,1993,0,98077,47.7637,-122.05,2670,66
4,2.25,2190,9009,2,0,0,4,8,1840,350,1977,0,98033,47.6916,-122.188,2190,73
3,1.75,1260,9600,1,0,0,4,7,1260,0,1988,0,98042,47.3592,-122.076,1640,29.15
4,3.5,2970,14486,2,0,0,3,9,2340,630,1997,0,98040,47.5627,-122.215,3680,90.5
4,2.5,2570,50308,1.5,0,0,3,10,2570,0,1993,0,98077,47.7418,-122.039,3420,80
4,3.5,3810,13592,1,0,1,3,9,2560,1250,2013,0,98056,47.5134,-122.2,3230,83.99
1,1.5,1010,1157,2,0,0,3,8,950,60,2007,0,98126,47.5492,-122.372,1360,20
3,2,1480,6698,1,0,0,4,7,1080,400,1979,0,98058,47.4614,-122.168,1850,30
3,1.75,1250,6041,1.5,0,0,5,7,1250,0,1942,0,98115,47.69,-122.304,1180,53
3,2.25,1654,8479,2,0,0,3,7,1654,0,1995,0,98038,47.3627,-122.037,1654,31.495
3,1.75,1410,9315,1,0,0,5,7,1410,0,1960,0,98031,47.3969,-122.198,1630,25.5
5,2.75,2160,5720,1,0,0,5,7,1500,660,1950,0,98144,47.5728,-122.304,2160,55
3,1,1400,4800,1,0,0,4,6,700,700,1917,0,98136,47.5499,-122.391,1470,43.5
3,1.75,1420,8738,1,0,0,4,7,1420,0,1966,0,98002,47.3113,-122.207,1660,23.4
4,2.25,2500,10062,1,0,0,3,8,1600,900,1975,0,98052,47.639,-122.1,2500,61.5
3,2,1410,8384,1,0,0,3,7,1410,0,1985,0,98001,47.3315,-122.263,1410,20.5
4,1.75,2100,7135,1,0,0,4,7,1050,1050,1955,0,98106,47.5353,-122.349,1730,38.4
3,2.5,1750,7208,2,0,0,3,8,1750,0,1994,0,98055,47.4315,-122.192,2050,32.4
3,1.75,2070,5500,1,0,0,4,7,1130,940,1946,0,98115,47.6733,-122.301,1800,64.5
3,3.25,1570,1777,2,0,0,3,8,1260,310,2007,0,98107,47.6655,-122.369,1000,57
3,2.5,1920,5322,2,0,0,3,8,1920,0,1999,0,98031,47.4095,-122.195,1920,32.4
2,1,1000,10320,1,0,0,3,6,1000,0,1943,0,98106,47.527,-122.356,1100,27
5,1.5,2120,7700,1.5,0,0,5,7,2120,0,1962,0,98058,47.4599,-122.172,1730,29
3,2,1440,9220,1,0,0,3,7,1440,0,1965,0,98198,47.3702,-122.317,1390,25
3,1.75,1660,16275,2,0,0,3,7,1660,0,1990,0,98014,47.6903,-121.915,1520,34.2
3,1.5,1340,8450,1,0,0,4,7,1340,0,1958,0,98188,47.4405,-122.28,1340,25.5
3,2.25,2380,11824,1,0,0,4,9,1450,930,1972,0,98040,47.5371,-122.218,2750,80
3,1.75,1560,4049,1.5,0,2,3,7,1000,560,1926,0,98126,47.5666,-122.375,1430,45.1
4,2.5,2780,10480,1,0,3,3,7,1390,1390,1967,0,98033,47.6597,-122.204,2860,99
4,2.5,1860,6687,1,0,0,4,7,1220,640,1983,0,98031,47.4046,-122.186,1860,28.84
3,1.5,2390,4600,2,0,0,3,8,1750,640,1920,1995,98118,47.5383,-122.268,1690,42
2,2.75,1370,1140,2,0,0,3,8,1080,290,2009,0,98133,47.7052,-122.343,1370,35.9
4,3,2570,262018,1,0,0,3,7,1420,1150,1988,0,98058,47.4417,-122.09,2260,39
3,2.5,1320,2614,2,0,0,3,7,1320,0,2005,0,98118,47.5355,-122.283,1320,30
5,2.5,2520,7863,1,0,0,3,7,1500,1020,1981,0,98034,47.7096,-122.199,2030,54.5
3,1,1250,18616,1,0,0,4,6,1250,0,1972,0,98010,47.3414,-122.047,1920,28.8349
3,2.25,1560,35026,1,0,0,3,7,1290,270,1985,0,98092,47.3023,-122.069,1660,29.99
4,2,2330,5000,1.5,0,0,5,7,1720,610,1925,0,98117,47.6804,-122.358,2090,89.1
3,2,3660,22410,1,0,3,4,9,1830,1830,1947,0,98117,47.6972,-122.4,2680,120
4,2.5,2790,4650,2,0,0,3,8,2790,0,2004,0,98038,47.3556,-122.026,2820,37.8
2,1,1060,7200,1,0,0,4,6,1060,0,1951,0,98155,47.7463,-122.315,1850,29.9995
3,2.5,2020,6564,1,0,0,3,7,1310,710,1994,0,98042,47.3545,-122.158,1710,25.3
3,2.25,1580,47916,1,0,0,3,7,1580,0,1979,0,98024,47.5583,-121.852,1980,35
4,3,2020,4300,1.5,0,0,3,6,2020,0,1900,0,98107,47.6653,-122.372,1290,56.5
2,1,970,5665,1,0,0,4,6,970,0,1908,0,98118,47.5513,-122.273,1490,31.5
4,3,1490,6766,1.5,0,1,5,7,1490,0,1915,0,98136,47.5446,-122.382,1990,57
5,3.5,4390,10140,2,0,0,3,9,3350,1040,2005,0,98125,47.7174,-122.282,2010,97.1
5,2.5,2750,5589,1.5,0,0,5,9,1840,910,1910,0,98112,47.6364,-122.3,1460,91.5
4,1.5,2150,23568,1,0,0,4,7,2150,0,1950,0,98166,47.4522,-122.355,2150,41.9
4,1.75,1810,7480,1,0,0,3,7,1230,580,1977,0,98023,47.3275,-122.361,1870,26
3,3,2230,12968,2,0,0,3,9,2230,0,1990,0,98004,47.6271,-122.197,2260,132
3,1,2430,10720,1,0,0,3,7,2430,0,1977,0,98045,47.4895,-121.787,1660,36.995
3,2.5,3680,13384,2,0,0,3,10,3680,0,1994,0,98006,47.5484,-122.119,3600,103
5,1,1410,6750,1.5,0,0,3,6,1410,0,1929,0,98118,47.5453,-122.278,1360,43.5
3,1.75,1330,6743,1,0,0,3,8,1330,0,1958,2002,98125,47.7012,-122.286,2600,60.1
3,1,1490,10650,1,0,0,3,7,1150,340,1963,0,98033,47.663,-122.178,1730,46.05
3,2.5,2020,1159,3,0,3,3,8,2020,0,2000,0,98103,47.6617,-122.356,1920,72
4,2.5,3130,13202,2,0,0,3,10,3130,0,1996,0,98075,47.5878,-121.976,2840,85.1
4,3,2670,5000,2,0,2,3,7,2670,0,1916,1978,98126,47.5784,-122.377,2300,55
4,1,1980,4560,1.5,0,0,3,7,1980,0,1920,0,98103,47.6606,-122.331,1810,70
3,1.75,2100,14850,1,0,0,4,7,2100,0,1963,0,98042,47.3622,-122.059,1930,32.3
3,1,1350,8581,1,0,0,5,6,1350,0,1944,0,98177,47.7612,-122.362,2080,34.55
4,1.5,2140,7920,1,0,0,3,7,1190,950,1959,0,98118,47.5491,-122.272,2140,37.8
4,2,2208,5000,3,0,0,5,8,2208,0,1917,0,98116,47.5711,-122.383,1760,65
3,2,1010,7380,1,0,0,3,7,1010,0,1982,0,98074,47.6273,-122.062,1650,38.5
2,1,970,2970,1,0,0,3,7,970,0,1910,0,98102,47.6233,-122.319,1670,42.5
4,2,1520,6174,1.5,0,0,5,6,1520,0,1920,0,98022,47.2105,-121.989,1390,21
4,2.5,2740,43101,2,0,0,3,9,2740,0,1993,0,98077,47.7649,-122.049,2740,63
3,1.75,1570,7500,1,0,1,3,7,1300,270,1953,0,98146,47.4999,-122.368,1590,33.5
3,1,1320,9000,1,0,0,3,7,1320,0,1966,0,98001,47.3461,-122.272,1320,19.65
4,2.75,2550,7636,1,0,0,3,8,1440,1110,1986,0,98074,47.6471,-122.06,2290,58.28
3,1.75,1560,7207,1,0,0,3,7,1250,310,1983,0,98034,47.7283,-122.222,1540,44
4,2.25,2360,8616,2,0,0,4,8,2360,0,1974,0,98033,47.6495,-122.198,2360,75.25
3,1.75,1330,5000,2,0,0,4,7,1210,120,1909,0,98116,47.5724,-122.384,1500,53.25
3,1,1070,9000,1,0,0,4,7,1070,0,1950,0,98198,47.4061,-122.33,1840,26.5
3,1.25,1510,13737,1,0,3,4,6,810,700,1961,0,98125,47.7289,-122.283,2560,39.75
3,2.5,1710,3469,2,0,0,3,8,1710,0,1999,0,98029,47.546,-122.011,2120,52.425
4,2.75,2790,10819,2,0,0,3,10,2790,0,1996,0,98027,47.5515,-122.08,3080,76.5
4,2.5,2620,5450,2,0,0,3,9,2620,0,2001,0,98074,47.6301,-122.019,2590,64.8
5,2.5,2970,24759,1,0,0,4,8,1670,1300,1969,0,98031,47.3908,-122.173,2100,46.95
3,1.75,1050,7854,1,0,0,4,7,1050,0,1975,0,98023,47.3011,-122.369,1360,23.75
3,1,1280,8712,1,0,0,4,7,1280,0,1956,0,98003,47.3298,-122.297,1420,21.6
3,1,1030,8400,1,0,0,4,7,1030,0,1963,0,98056,47.5364,-122.173,1270,42.72
3,2.25,1900,7800,1,0,0,4,8,1390,510,1977,0,98055,47.4545,-122.208,1730,28
5,3,3070,9804,1,0,0,4,9,1740,1330,1968,0,98006,47.5702,-122.128,2550,71.8
2,2.75,1760,4139,2,0,0,3,8,1760,0,2010,0,98065,47.5175,-121.878,1870,42
2,1,930,5400,1,0,0,3,7,930,0,1952,0,98117,47.6971,-122.372,1050,37.9
2,1,880,7683,1,0,0,3,6,880,0,1942,0,98177,47.7145,-122.361,1370,32.61
3,2.5,1360,1016,3,0,0,3,7,1310,50,2003,0,98115,47.6774,-122.324,1365,53.5
4,2.75,2130,8560,1,0,0,3,7,1560,570,1992,0,98022,47.1949,-122.01,2130,28.3
3,1,1480,7469,1.5,0,0,3,6,1120,360,1940,0,98168,47.5048,-122.301,1460,26
4,1,1500,6388,1.5,0,0,4,7,1500,0,1951,0,98126,47.5303,-122.378,980,39.9
3,2.25,1670,5004,2,0,0,3,8,1670,0,1987,0,98029,47.5688,-122.017,1850,48.495
4,1.75,2060,9828,1,0,0,4,8,2060,0,1960,0,98005,47.5867,-122.174,2260,64
4,2.5,2160,8158,1,0,0,4,8,1660,500,1952,0,98115,47.6948,-122.328,1520,58.5
4,2,2780,11583,1,0,3,3,8,1190,1590,1955,0,98125,47.7293,-122.284,2580,64.5
3,2,1490,7651,1,0,0,3,7,1490,0,1988,0,98003,47.3211,-122.325,1590,25.3
2,1,740,6460,1,0,0,3,6,740,0,1953,0,98146,47.5077,-122.344,1170,17.85
4,2.5,1860,6325,2,0,0,4,7,1860,0,1991,0,98038,47.3492,-122.03,1860,29.1
2,2.75,1590,20917,1.5,0,0,3,5,1590,0,1920,0,98001,47.2786,-122.25,1310,19.995
2,1,850,2340,1,0,0,3,7,850,0,1922,0,98105,47.6707,-122.328,1300,55.35
2,1,1030,4188,1,0,0,3,8,1030,0,1981,0,98038,47.3738,-122.057,1450,18.995
,,,,,,,,,,,,,,,,,
